domain,has_cert,longetivity,valid_cert,extended_validation,cert_age,multi_mtn,Predicted Results,Actual Results
www.hymer.com,1,850,1,0,437,1,alexa,alexa
www.handyhome.be,1,402,1,1,232,1,alexa,alexa
www.jabber.ru,1,1096,1,1,145,0,alexa,alexa
dynomapper.com,1,365,1,0,229,0,alexa,alexa
git-fork.com,1,89,1,0,48,0,alexa,alexa
www.redletterdays.co.uk,1,730,1,1,419,0,alexa,alexa
www.tvoyaapteka.ru,1,89,1,0,18,0,alexa,alexa
www.tmsoundproofing.com,1,395,1,0,201,0,alexa,alexa
anwap.org,1,365,1,0,61,0,alexa,alexa
www.mso-chrono.ch,1,471,1,0,49,0,alexa,alexa
www.finbuh1c.ru,1,365,1,0,34,0,alexa,alexa
www.starrapid.com,1,730,1,0,333,0,alexa,alexa
reward-bonus.tk,1,90,1,0,5,0,alexa,phish
www.bnl.gov,1,745,1,0,495,0,alexa,alexa
www.directtextbook.com,1,433,1,0,207,0,alexa,alexa
www.pichinchatarjetaspromociones.com,1,365,1,0,120,1,alexa,phish
cualitel.com,1,90,1,0,13,0,alexa,phish
www.fireeye.com,1,386,1,0,188,1,alexa,alexa
us.suitsupply.com,1,614,1,1,104,1,alexa,alexa
www.gravitywell.co.uk,1,1095,1,0,545,0,alexa,alexa
www.listrak.com,1,807,1,0,256,0,alexa,alexa
trend-news-today.com,1,1187,1,0,174,0,alexa,alexa
cookieandkate.com,1,190,1,0,97,1,alexa,alexa
www.azlyrics.com,1,1095,1,0,139,0,alexa,alexa
digitalready.co,1,190,1,0,42,1,alexa,alexa
pazurkolandia.pl,1,365,1,0,203,0,alexa,alexa
www.mercadolibre.com.ve,1,373,1,0,173,0,alexa,alexa
bitcoinmagazine.com,1,191,1,0,2,1,alexa,alexa
www.welt.de,1,456,1,0,133,1,alexa,alexa
www.agradi.nl,1,396,1,0,138,0,alexa,alexa
hyperbitsmusic.com,1,191,1,0,21,1,alexa,alexa
weworkremotely.com,1,89,1,0,40,0,alexa,alexa
www.porland.com.tr,1,399,1,0,277,0,alexa,alexa
www.thestrategyinsider.com,1,191,1,0,26,1,alexa,alexa
www.giftcardmall.com,1,717,1,1,111,0,alexa,alexa
moverdb.com,1,365,1,0,204,0,alexa,alexa
en.navsegda.net,1,191,1,0,14,1,alexa,alexa
www.google.dj,1,83,1,0,11,0,alexa,alexa
www.mitchellandness.com,1,89,1,0,61,0,alexa,alexa
img.appledaily.com.tw,1,955,1,0,25,0,alexa,alexa
who.is,1,393,1,0,265,1,alexa,alexa
www.chicercatrova2000.it,1,365,1,0,314,0,alexa,alexa
www.followupboss.com,1,1095,1,0,392,0,alexa,alexa
ad-note.jp,1,89,1,0,28,0,alexa,alexa
www.iatse873.com,1,1097,1,0,653,0,alexa,alexa
smuuu.wordpress.com,1,1133,1,0,806,0,alexa,alexa
ssl.feebee.com.tw,1,1095,1,0,916,0,alexa,alexa
poderdevender.com,1,90,1,0,14,0,alexa,phish
www.myautismteam.com,1,419,1,0,5,1,alexa,alexa
www.self-help-sexuality.com,1,89,1,0,37,0,alexa,alexa
noticiasvideos1.com,1,190,1,0,29,1,alexa,alexa
onlinebookclub.org,1,90,1,0,57,1,alexa,alexa
www.superimanes.com,1,89,1,0,52,0,alexa,alexa
e-pusthakalaya.blogspot.com,1,84,1,0,12,1,alexa,alexa
videosmile.ru,1,1095,1,0,229,0,alexa,alexa
fr.photobox.be,1,456,1,0,33,1,alexa,alexa
www.facebookmarketingdevelopers.com,1,373,1,0,134,0,alexa,alexa
sprashivalka.com,1,89,1,0,49,0,alexa,alexa
cssbeauty.com,1,365,1,0,251,0,alexa,alexa
topwar.ru,1,365,1,0,271,0,alexa,alexa
www.soitinlaine.fi,1,89,1,0,37,0,alexa,alexa
decofire.pl,1,89,1,0,48,1,alexa,alexa
www.m-net.de,1,1101,1,0,250,0,alexa,alexa
www.zimakala.com,1,365,1,0,34,0,alexa,alexa
www.google.co.kr,1,84,1,0,11,1,alexa,alexa
www.bitoex.com,1,190,1,0,35,1,alexa,alexa
www.sareeka.com,1,424,1,0,235,0,alexa,alexa
www.oneweekintensivedriving.com,1,89,1,0,46,0,alexa,alexa
www.resultmonster.com,1,90,1,0,9,0,alexa,alexa
www.lawyerratingz.com,1,89,1,0,28,1,alexa,alexa
erstatement.com,1,1158,1,0,953,0,alexa,alexa
www.camper.com,1,731,1,1,255,0,alexa,alexa
www.kp.md,1,90,1,0,16,1,alexa,alexa
narod-novosti.com,1,89,1,0,40,0,alexa,alexa
redtubelive.com,1,89,1,0,17,0,alexa,alexa
www.campusexplorer.com,1,1225,1,0,1083,0,alexa,alexa
www.whoeasy.com,1,396,1,0,304,0,alexa,alexa
www.portailbienetre.fr,1,190,1,0,89,1,alexa,alexa
lius.myloweslife.com,1,1171,1,0,760,0,alexa,alexa
slimore.com,1,90,1,0,23,0,alexa,phish
www.ticketbiscuit.com,1,1159,1,0,365,0,alexa,alexa
eastwestrecharge24.com,1,89,1,0,31,0,alexa,alexa
howdoyou.do,1,406,1,0,263,0,alexa,alexa
www.rt.com,1,365,1,0,277,0,alexa,alexa
www.byty.cz,1,89,1,0,39,0,alexa,alexa
www.qv.co.nz,1,269,1,0,53,1,alexa,alexa
www.projectplan365.com,1,1179,1,0,1001,0,alexa,alexa
smi2.ru,1,627,1,0,103,0,alexa,alexa
www.mql5.com,1,1187,1,0,865,0,alexa,alexa
www.superdeluxe.com,1,395,1,0,74,0,alexa,alexa
stxnext.com,1,383,1,0,273,0,alexa,alexa
www.anatomyhive.com,1,89,1,0,29,0,alexa,alexa
hypnose-therapeutique-paris.fr,1,90,1,0,13,0,alexa,alexa
www.lomography.com,1,90,1,0,8,1,alexa,alexa
ouo.io,1,190,1,0,149,1,alexa,alexa
www.511pa.com,1,730,1,0,207,0,alexa,alexa
www.danlon.dk,1,1634,1,0,1158,0,alexa,alexa
enaming.com,1,732,1,0,706,0,alexa,alexa
www.airnewzealand.com,1,392,1,1,116,1,alexa,alexa
m.yad2.co.il,1,47,1,0,3,1,alexa,alexa
www.namsladko.ru,1,365,1,0,242,0,alexa,alexa
iranplanner.com,1,365,1,0,267,0,alexa,alexa
ycharts.com,1,396,1,0,315,0,alexa,alexa
avc.com,1,190,1,0,107,1,alexa,alexa
torrentz2.cc,1,190,1,0,16,1,alexa,alexa
investspot.biz,1,191,1,0,9,1,alexa,alexa
kinomax.ru,1,730,1,1,181,0,alexa,alexa
manhattan.edu,1,1100,1,0,839,0,alexa,alexa
jagareforbundet.se,1,788,1,1,347,0,alexa,alexa
holaconnect.com,1,89,1,0,34,0,alexa,alexa
stats.t-online.de,1,731,1,0,147,0,alexa,alexa
www.matobe-verlag.de,1,89,1,0,52,0,alexa,alexa
www.thinkbroadband.com,1,425,1,0,25,0,alexa,alexa
myutiitsl.com,1,790,1,1,200,0,alexa,alexa
www.makerbot.com,1,1825,1,0,1147,0,alexa,alexa
www.thethriftyissue.com.au,1,191,1,0,9,1,alexa,alexa
www.trustify.info,1,89,1,0,79,1,alexa,alexa
www.wccls.org,1,444,1,0,89,0,alexa,alexa
entrepreneur-visa.com,1,90,1,0,11,0,alexa,phish
tagmond.com,1,190,1,0,16,1,alexa,alexa
www.istoedinheiro.com.br,1,1095,1,0,61,0,alexa,alexa
cdn.jkanime.net,1,190,1,0,54,1,alexa,alexa
barjackfishing.com,1,89,1,0,31,1,alexa,alexa
mederia.ru,1,384,1,0,34,0,alexa,alexa
zen-promo.com,1,367,1,0,155,0,alexa,alexa
wallhere.com,1,89,1,0,82,0,alexa,alexa
www.taxexperts.gr,1,90,1,0,14,0,alexa,alexa
theplanetd.com,1,90,1,0,8,0,alexa,alexa
www.global2000.at,1,90,1,0,18,0,alexa,alexa
www.geeksaresexy.net,1,89,1,0,30,0,alexa,alexa
www.pkt.pl,1,1095,1,0,1000,0,alexa,alexa
www.forumid.net,1,89,1,0,31,1,alexa,alexa
www.avast.ru,1,777,1,1,264,1,alexa,alexa
www.knowyourparts.com,1,730,1,0,216,0,alexa,alexa
www.zalando-lounge.be,1,555,1,1,236,1,alexa,alexa
www.farmaline.nl,1,421,1,1,390,0,alexa,alexa
caloo.jp,1,456,1,0,69,0,alexa,alexa
networxrecruitment.com,1,820,1,0,459,0,alexa,alexa
passthepopcorn.me,1,190,1,0,16,1,alexa,alexa
webhostingbuddy.com,1,366,1,0,63,0,alexa,alexa
www.hotwish.com,1,365,1,0,300,0,alexa,alexa
milanocastello.it,1,89,1,0,20,1,alexa,alexa
valenappi.com,1,89,1,0,30,0,alexa,alexa
www.hs-fulda.de,1,1184,1,0,913,0,alexa,alexa
www.seemecnc.com,1,90,1,0,8,0,alexa,alexa
7pass.de,1,395,1,0,82,0,alexa,alexa
hitsebeats.com,1,191,1,0,0,1,alexa,alexa
lesenchanteursdenoel.fr,1,90,1,0,17,0,alexa,alexa
brokenstones.club,1,191,1,0,5,1,alexa,alexa
fr.foncia.com,1,1095,1,0,550,1,alexa,alexa
totalcare4wd.com.au,1,90,1,0,17,0,alexa,phish
www.realclicks.net,1,89,1,0,36,0,alexa,alexa
amp.techz.vn,1,190,1,0,40,1,alexa,alexa
kliknklik.com,1,421,1,1,405,0,alexa,alexa
www.absoluteexhibits.com,1,190,1,0,28,1,alexa,alexa
www.svennd.be,1,90,1,0,5,0,alexa,alexa
cdn-resources-aliyun.kjds.com,1,365,1,0,63,0,alexa,alexa
www.intersport-eisert.de,1,730,1,0,187,0,alexa,alexa
easyminer.net,1,89,1,0,36,0,alexa,alexa
dev.ecell-iitkgp.org,1,89,1,0,50,0,alexa,alexa
www.rankonesport.com,1,731,1,0,222,0,alexa,alexa
teasoku.com,1,89,1,0,34,0,alexa,alexa
rolloid.net,1,240,1,0,129,1,alexa,alexa
www2.creditsafeuk.com,1,365,1,0,356,0,alexa,alexa
winnersandwhiners.com,1,89,1,0,86,0,alexa,alexa
www.rollaclub.com,1,191,1,0,13,1,alexa,alexa
www.sparkasse-dillingen.de,1,342,1,1,133,0,alexa,alexa
boardshop.no,1,90,1,0,8,0,alexa,alexa
www.homemarkt.ru,1,365,1,0,153,0,alexa,alexa
www.soloavventure.it,1,371,1,0,6,0,alexa,alexa
www.trp.red,1,366,1,0,117,0,alexa,alexa
www.idealhomegarden.com,1,456,1,0,55,1,alexa,alexa
alumacong.com,1,90,1,0,13,0,alexa,phish
whatanime.ga,1,191,1,0,13,1,alexa,alexa
nepalkhabar.com,1,190,1,0,25,1,alexa,alexa
www.jctltd.co.uk,1,371,1,0,343,0,alexa,alexa
www.abbvie.com,1,372,1,0,11,1,alexa,alexa
www.moeller.pl,1,365,1,0,329,0,alexa,alexa
www.bloomberg.co.jp,1,731,1,1,476,1,alexa,alexa
www.tvaddons.co,1,58,1,0,5,1,alexa,alexa
american001.websiteseguro.com,1,286,1,0,113,0,alexa,phish
www.rating8.com,1,191,1,0,6,1,alexa,alexa
www.ocean-prime.com,1,730,1,0,329,0,alexa,alexa
www.elv.de,1,456,1,1,137,0,alexa,alexa
mirador.co.in,1,90,1,0,3,0,alexa,phish
danna-shine.com,1,89,1,0,29,0,alexa,alexa
ignaciosantiago.com,1,190,1,0,23,1,alexa,alexa
www.the-west.de,1,393,1,0,291,0,alexa,alexa
www.thescramble.com,1,742,1,0,391,0,alexa,alexa
windows10portal.com,1,365,1,0,280,0,alexa,alexa
www3.lenovo.com,1,1162,1,0,565,0,alexa,alexa
mymommyworld.com,1,730,1,0,91,0,alexa,alexa
prehrajto.cz,1,90,1,0,13,0,alexa,alexa
dlmp3songs.com,1,365,1,0,278,0,alexa,alexa
www.unionsavings.com,1,385,1,1,319,0,alexa,alexa
getsetlegal.in,1,90,1,0,22,0,alexa,phish
www.famila.it,1,395,1,0,170,1,alexa,alexa
paulmartinsamericangrill.com,1,1096,1,0,201,0,alexa,alexa
digitalsynopsis.com,1,190,1,0,23,1,alexa,alexa
www.concept-phones.com,1,89,1,0,65,1,alexa,alexa
gizmodo.com,1,398,1,0,255,1,alexa,alexa
www.mirrorcreator.com,1,1187,1,0,867,0,alexa,alexa
www.bzpaintball.co.uk,1,394,1,0,334,1,alexa,alexa
www.digimobil.es,1,1096,1,0,1074,0,alexa,alexa
www.ampower.me,1,1185,1,0,461,0,alexa,alexa
www.orion-menuiseries.com,1,359,1,1,139,0,alexa,alexa
www.hearthstoneheroes.de,1,89,1,0,44,1,alexa,alexa
www.audioease.com,1,743,1,1,252,0,alexa,alexa
www.olx.by,1,730,1,1,444,1,alexa,alexa
istanbulbaby.com.ua,1,89,1,0,30,0,alexa,alexa
run4game.net,1,190,1,0,43,1,alexa,alexa
yandex.ua,1,365,1,0,179,0,alexa,alexa
www.trafficcompany.com,1,366,1,1,301,0,alexa,alexa
really-simple-ssl.com,1,365,1,0,21,0,alexa,alexa
www.wherearethepoppiesnow.org.uk,1,90,1,0,1,1,alexa,alexa
tls.freenet.de,1,1101,1,0,261,0,alexa,alexa
www.gutscheinewurst.org,1,1095,1,0,138,0,alexa,alexa
yamahack.com,1,365,1,0,291,0,alexa,alexa
www.netonnet.no,1,731,1,1,346,1,alexa,alexa
www.shareville.fi,1,379,1,1,258,1,alexa,alexa
meh.com,1,1095,1,0,342,0,alexa,alexa
www.hesco.com,1,395,1,1,43,0,alexa,alexa
hexieshe.com,1,190,1,0,21,1,alexa,alexa
kalamesabz.com,1,365,1,0,279,0,alexa,alexa
www.todojuegos.com,1,89,1,0,55,1,alexa,alexa
www.entrepreneur-visa.com,1,90,1,0,11,0,alexa,phish
www.prolazydad.com,1,90,1,0,12,0,alexa,alexa
www.freegovernmentcellphones.net,1,190,1,0,48,1,alexa,alexa
www.gotchosen.com,1,370,1,0,70,0,alexa,alexa
allegro.pl.showproducts.link,1,365,1,0,4,0,alexa,phish
essaypedia.com,1,1095,1,0,330,0,alexa,alexa
siemensbaocheng.world.tmall.com,1,354,1,0,19,1,alexa,alexa
www.gamingwonderland.com,1,1095,1,0,237,0,alexa,alexa
ine.com,1,89,1,0,37,0,alexa,alexa
www.trawell.in,1,365,1,0,322,0,alexa,alexa
www.collectionsetc.com,1,456,1,0,41,0,alexa,alexa
www.zolo.ca,1,190,1,0,44,1,alexa,alexa
s2-prod.gazettelive.co.uk,1,456,1,0,34,1,alexa,alexa
www.irctc.co.in,1,821,1,1,336,0,alexa,alexa
www.entedeal.com,1,295,1,0,102,1,alexa,alexa
www.sistemi.com,1,821,1,0,213,0,alexa,alexa
www.diypete.com,1,365,1,0,182,0,alexa,alexa
kunanta.net,1,89,1,0,44,0,alexa,alexa
www.42stores.com,1,89,1,0,60,0,alexa,alexa
system76.com,1,745,1,1,573,0,alexa,alexa
www.ucumberlands.edu,1,1101,1,0,768,0,alexa,alexa
newsmomonga.com,1,89,1,0,48,0,alexa,alexa
www.transfer-iphone-recovery.fr,1,730,1,0,553,0,alexa,alexa
www.motel-one.com,1,1096,1,0,787,0,alexa,alexa
www.justpo.st,1,90,1,0,6,0,alexa,alexa
www.fblab.co.il,1,89,1,0,37,0,alexa,alexa
omystephanie.com,1,90,1,0,10,0,alexa,phish
vapenw.com,1,191,1,0,11,1,alexa,alexa
www.cricketflours.com,1,730,1,0,235,0,alexa,alexa
cdn.gsmarena.com,1,89,1,0,52,0,alexa,alexa
worldwidescience.org,1,251,1,0,235,0,alexa,alexa
www.belux.com,1,89,1,0,20,0,alexa,alexa
cfd.sicofi.com.mx,1,1096,1,1,67,0,alexa,alexa
didisdiary.nl,1,365,1,0,145,0,alexa,alexa
www.forums1.net,1,89,1,0,82,1,alexa,alexa
cebule-kwiatowe.pl,1,425,1,0,239,0,alexa,alexa
inversorglobal.es,1,365,1,0,5,0,alexa,alexa
otherhalfbrewing.com,1,191,1,0,8,1,alexa,alexa
www.cybermondaydresses.com,1,89,1,0,29,0,alexa,alexa
www.kdb.co.kr,1,425,1,1,357,0,alexa,alexa
www.hardwareonline.dk,1,190,1,0,46,1,alexa,alexa
www.passportindex.org,1,191,1,0,5,1,alexa,alexa
www.salesjobs.ie,1,89,1,0,54,1,alexa,alexa
explosaotricolor.com.br,1,89,1,0,18,0,alexa,alexa
www.sportslivevstv.com,1,90,1,0,14,0,alexa,phish
oraclespin.com,1,90,1,0,8,1,alexa,alexa
issuu.com,1,1185,1,0,438,0,alexa,alexa
www.gourmeteliquid.co.uk,1,89,1,0,59,0,alexa,alexa
www.radioprofusion.com,1,365,1,0,155,0,alexa,alexa
jamaisvulgaire.com,1,89,1,0,46,0,alexa,alexa
www.bumbershoot.com,1,89,1,0,27,0,alexa,alexa
www.safety-account.cf,1,90,1,0,6,0,alexa,phish
univesp.br,1,89,1,0,44,0,alexa,alexa
www.fuhaodq.com,1,729,1,0,146,0,alexa,alexa
www.congstar.de,1,1185,1,0,27,0,alexa,alexa
www.hafslund.no,1,1161,1,0,209,0,alexa,alexa
www.smugmug.com,1,396,1,0,305,0,alexa,alexa
www.hylaplay.com,1,372,1,0,290,0,alexa,alexa
testzon.com,1,191,1,0,3,1,alexa,alexa
eshaan.info,1,90,1,0,7,1,alexa,phish
www.mockbank.com,1,366,1,0,156,0,alexa,alexa
www.minds.com,1,395,1,0,151,0,alexa,alexa
besurvival.com,1,89,1,0,35,0,alexa,alexa
www.wonderweekend.com,1,660,1,0,179,0,alexa,alexa
www.ifortuna.cz,1,730,1,0,659,0,alexa,alexa
www.hootbank.com,1,395,1,0,76,0,alexa,alexa
pingler.com,1,1187,1,0,919,0,alexa,alexa
www.budget-getaways.co.za,1,1095,1,0,265,0,alexa,alexa
www.mymazda.com,1,365,1,0,352,0,alexa,alexa
www.stmilitaria.com,1,89,1,0,29,0,alexa,alexa
3332222.ru,1,469,1,0,352,0,alexa,alexa
www.houzz.com,1,495,1,0,286,1,alexa,alexa
kocoafab.cc,1,365,1,0,290,0,alexa,alexa
nnpress.com,1,191,1,0,8,1,alexa,alexa
www.2createawebsite.com,1,89,1,0,20,0,alexa,alexa
edicionsdeponent.com,1,90,1,0,7,0,alexa,phish
thebatteryshow.com,1,90,1,0,27,0,alexa,alexa
www.idmaker.net,1,1125,1,0,433,0,alexa,alexa
customlogomatsng.com,1,90,1,0,80,0,alexa,phish
www.vincent.wa.gov.au,1,1095,1,0,141,0,alexa,alexa
www.reservix.de,1,761,1,1,411,0,alexa,alexa
www.traveldoc.aero,1,1095,1,0,637,0,alexa,alexa
www.midkent.ac.uk,1,1095,1,0,610,0,alexa,alexa
paperpile.com,1,760,1,0,569,0,alexa,alexa
www.tombihn.com,1,89,1,0,57,0,alexa,alexa
www.bdmilitary.com,1,191,1,0,4,1,alexa,alexa
www.myenglishteacher.eu,1,191,1,0,11,1,alexa,alexa
termgame.com,1,730,1,0,241,0,alexa,alexa
androidmtk.com,1,190,1,0,18,1,alexa,alexa
home.binwise.com,1,619,1,0,466,1,alexa,alexa
www.google.com.ec,1,83,1,0,11,1,alexa,alexa
www.bematech.com.br,1,1049,1,0,671,0,alexa,alexa
secure.surveymonkey.com,1,365,1,0,313,0,alexa,alexa
atnd.org,1,1096,1,0,117,0,alexa,alexa
mirasin.com,1,89,1,0,23,0,alexa,alexa
www.adoreme.com,1,790,1,1,229,0,alexa,alexa
www.abcfitness.pl,1,365,1,0,197,0,alexa,alexa
www.urbanic.ca,1,90,1,0,20,0,alexa,phish
www.foxsports.com,1,456,1,0,193,1,alexa,alexa
www.teknikmagasinet.se,1,731,1,1,196,0,alexa,alexa
www.camdolls.com,1,730,1,0,262,0,alexa,alexa
www.google.tm,1,84,1,0,11,0,alexa,alexa
www.positeo.com,1,89,1,0,32,0,alexa,alexa
nerdburglars.net,1,190,1,0,17,1,alexa,alexa
lecrabeinfo.net,1,89,1,0,26,0,alexa,alexa
coconala.com,1,1186,1,1,587,0,alexa,alexa
eternallysunny.com,1,357,1,0,289,1,alexa,alexa
www.update1.hu,1,89,1,0,33,1,alexa,alexa
www.dur.ac.uk,1,730,1,1,262,1,alexa,alexa
www.hsoub.com,1,396,1,0,237,0,alexa,alexa
motogadget.com,1,1095,1,0,298,0,alexa,alexa
www.tripadvisor.cn,1,256,1,0,151,0,alexa,alexa
www.salatomatic.com,1,89,1,0,48,1,alexa,alexa
www.capitalcitytickets.com,1,365,1,0,243,0,alexa,alexa
www.wizxpert.com,1,190,1,0,16,1,alexa,phish
aoitrip.jp,1,89,1,0,19,0,alexa,alexa
www.wine.com,1,247,1,0,166,1,alexa,alexa
www.eltonjohn.com,1,365,1,0,105,0,alexa,alexa
fosters.tech,1,396,1,0,122,0,alexa,alexa
www.legalplans.com,1,1118,1,0,355,0,alexa,alexa
colormelon.com,1,190,1,0,48,1,alexa,alexa
se7inbox.wordpress.com,1,1133,1,0,820,0,alexa,alexa
www.acec.org,1,365,1,0,68,0,alexa,alexa
www.shethinx.com,1,366,1,1,54,0,alexa,alexa
www.laudius.de,1,365,1,0,15,1,alexa,alexa
www.campact.de,1,730,1,1,704,0,alexa,alexa
www.saubhagya.co.in,1,90,1,0,10,0,alexa,phish
www.registry.net.za,1,365,1,0,271,0,alexa,alexa
www.santanderfinanciamentos.com.br,1,320,1,0,54,1,alexa,alexa
www.aida.de,1,667,1,0,264,1,alexa,alexa
www.allegro-inc.com,1,761,1,0,49,0,alexa,alexa
www.buhonline.ru,1,89,1,0,41,1,alexa,alexa
twinkas.com,1,191,1,0,6,1,alexa,alexa
www.daringgourmet.com,1,191,1,0,4,1,alexa,alexa
www.sugarinstant.com,1,1100,1,0,56,0,alexa,alexa
godinworld.com,1,191,1,0,14,1,alexa,alexa
suomenkuvalehti.fi,1,1096,1,0,307,0,alexa,alexa
backlinko.com,1,190,1,0,37,1,alexa,alexa
pickvideo.net,1,365,1,0,144,0,alexa,alexa
www.masonsoft.com,1,90,1,0,6,0,alexa,alexa
shknn.com,1,366,1,1,102,0,alexa,alexa
www.b2ceurope.eu,1,469,1,0,327,0,alexa,alexa
ipko.pl.twoj-kurier.biz,1,365,1,0,2,0,alexa,phish
www.csgb.gov.tr,1,1108,1,0,75,0,alexa,alexa
www.lotto.it,1,89,1,0,80,0,alexa,alexa
ea.laredoute.pt,1,1097,1,0,929,0,alexa,alexa
www.sporthorlogecenter.be,1,389,1,1,55,1,alexa,alexa
www.asu.edu,1,1095,1,0,3,0,alexa,alexa
www.cafedunet.com,1,89,1,0,19,0,alexa,alexa
www.vistronica.com,1,365,1,0,77,0,alexa,alexa
www.tech2tech.fr,1,90,1,0,10,0,alexa,alexa
www.debate.com.mx,1,316,1,0,205,1,alexa,alexa
www.app-quality.com,1,730,1,0,337,0,alexa,alexa
dangdutlengkap.wordpress.com,1,1133,1,0,819,0,alexa,alexa
432newmaillset.jimdo.com,1,760,1,0,221,0,alexa,phish
www.agirpourlenvironnement.org,1,191,1,0,6,1,alexa,alexa
www.schoolpace.com,1,1096,1,0,532,0,alexa,alexa
www.planetaobuvi.ru,1,365,1,0,54,0,alexa,alexa
nikana.gr,1,89,1,0,58,0,alexa,alexa
mirludey.org,1,365,1,0,112,0,alexa,phish
timeweb.com,1,425,1,0,334,0,alexa,alexa
www.motoplanete.com,1,89,1,0,57,1,alexa,alexa
www.gitomer.com,1,362,1,0,272,0,alexa,alexa
www.blogdechollos.com,1,395,1,0,161,0,alexa,alexa
www.setn.com,1,395,1,0,215,0,alexa,alexa
www.takealot.com,1,1106,1,0,668,0,alexa,alexa
www.douban.com,1,785,1,0,182,0,alexa,alexa
www.cler.ch,1,730,1,1,180,0,alexa,alexa
www.mercadona.es,1,821,1,0,192,0,alexa,alexa
www.dogs4friends.de,1,754,1,0,524,0,alexa,alexa
www.educaedu.com.ar,1,730,1,0,223,1,alexa,alexa
www.google.ae,1,84,1,0,11,0,alexa,alexa
www.sat1gold.de,1,365,1,0,54,1,alexa,alexa
xgnr01.xgnrencounter.gal,1,89,1,0,36,0,alexa,alexa
cafcp.org,1,90,1,0,16,1,alexa,alexa
www.timedia.co.jp,1,1304,1,0,1103,0,alexa,alexa
carujeme.cz,1,89,1,0,44,0,alexa,alexa
www.bikeebike.com,1,89,1,0,44,0,alexa,alexa
www.barefootwine.com,1,365,1,0,224,0,alexa,alexa
www.calgarysportsclub.com,1,190,1,0,30,1,alexa,alexa
vzlomat-igru.com,1,90,1,0,8,0,alexa,alexa
icegate.gov.in,1,1185,1,0,347,0,alexa,alexa
www.eset.pl,1,395,1,0,54,0,alexa,alexa
www.marefa.org,1,89,1,0,21,0,alexa,alexa
crane.aero,1,1095,1,0,350,0,alexa,alexa
subscene.com,1,191,1,0,6,1,alexa,alexa
www.eftours.ca,1,190,1,0,66,1,alexa,alexa
www.sheetmusicdirect.com,1,1103,1,0,195,0,alexa,alexa
techbuyersguru.com,1,365,1,0,125,0,alexa,alexa
www.smartpage.pl,1,365,1,0,175,0,alexa,alexa
www.panelopinion.co.uk,1,730,1,0,98,0,alexa,alexa
www.danmusikk.no,1,89,1,0,19,1,alexa,alexa
scooterhelden.de,1,90,1,0,12,1,alexa,alexa
www.japanbluejeans.com,1,425,1,0,173,0,alexa,alexa
www.halowaypoint.com,1,730,1,0,656,1,alexa,alexa
www.atbonline.com,1,519,1,1,383,1,alexa,alexa
www.tixys.com,1,798,1,0,765,0,alexa,alexa
www.muyzorras.com,1,365,1,0,63,0,alexa,alexa
www.colegiodomus.com.br,1,190,1,0,37,1,alexa,alexa
skidka.ru,1,366,1,1,340,0,alexa,alexa
www.menariniapac.com,1,1167,1,0,184,0,alexa,alexa
charakteris.info,1,89,1,0,70,0,alexa,alexa
www.unpez.com,1,89,1,0,58,0,alexa,alexa
wealthfactory.com,1,190,1,0,45,1,alexa,alexa
www.catho.com.br,1,365,1,0,14,0,alexa,alexa
www.riatomsk.ru,1,366,1,1,90,0,alexa,alexa
www.premierleague.com,1,395,1,0,166,1,alexa,alexa
publicidade.meionorte.com,1,190,1,0,40,1,alexa,alexa
rathena.org,1,191,1,0,14,1,alexa,alexa
www.womens-health.com,1,190,1,0,164,1,alexa,alexa
safebridge.net,1,1825,1,0,1091,0,alexa,alexa
www.cardpay.com,1,398,1,0,102,0,alexa,alexa
www.tefl.org,1,396,1,0,132,0,alexa,alexa
www.octafx.com,1,1156,1,0,663,0,alexa,alexa
credit24.ee,1,395,1,0,178,1,alexa,alexa
www.disfrutapekin.com,1,1095,1,0,679,0,alexa,alexa
www.seyedrezabazyar.com,1,190,1,0,34,1,alexa,alexa
www.flashscore.nl,1,365,1,0,31,0,alexa,alexa
www.ffh.de,1,1095,1,0,349,0,alexa,alexa
hapaeikaiwa.com,1,190,1,0,25,1,alexa,alexa
www.mensclub.jp,1,1119,1,0,132,0,alexa,alexa
www.boulanger.com,1,262,1,1,12,1,alexa,alexa
lrandcom.com,1,89,1,0,53,0,alexa,alexa
clubinmobiliariochile.cl,1,90,1,0,2,1,alexa,phish
www.zapmeta.com.vn,1,730,1,0,307,1,alexa,alexa
www.journaldev.com,1,365,1,0,67,0,alexa,alexa
www.yamaha.com,1,366,1,0,318,0,alexa,alexa
www.myfiap.net,1,90,1,0,18,0,alexa,alexa
todorelatos.com,1,190,1,0,34,1,alexa,alexa
www.eatbanza.com,1,89,1,0,54,0,alexa,alexa
comunidad.aulafacil.com,1,191,1,0,6,1,alexa,alexa
www.voepassaredo.com.br,1,368,1,0,67,0,alexa,alexa
ritikaawood.com,1,90,1,0,5,0,alexa,phish
fourpercent.com,1,190,1,0,16,1,alexa,alexa
www.paycheckcity.com,1,1164,1,0,238,0,alexa,alexa
www.s4l.us,1,89,1,0,44,0,alexa,alexa
www.becu.org,1,663,1,1,237,0,alexa,alexa
www.eips.ca,1,1113,1,0,136,0,alexa,alexa
alagurajeshwaran.com,1,89,1,0,40,1,alexa,alexa
www.tradegecko.com,1,90,1,0,9,1,alexa,alexa
www.pbvinyl.com,1,90,1,0,6,0,alexa,alexa
www.march.es,1,1185,1,0,284,0,alexa,alexa
www.grands-meres.net,1,365,1,0,53,0,alexa,alexa
etheroll.com,1,365,1,0,118,0,alexa,alexa
www.sov5.cn,1,365,1,0,208,0,alexa,alexa
www.timecode.ru,1,394,1,0,286,0,alexa,alexa
bentbox.co,1,425,1,0,149,0,alexa,alexa
www.wemove.eu,1,732,1,0,185,0,alexa,alexa
pornobae.com,1,191,1,0,3,1,alexa,alexa
www.outbrain.com,1,456,1,0,144,0,alexa,alexa
www.allianz.de,1,366,1,0,14,0,alexa,alexa
nhsfife.org,1,782,1,1,642,0,alexa,alexa
samsunghvac.com,1,89,1,0,17,0,alexa,alexa
sparefare.net,1,730,1,1,450,0,alexa,alexa
nst5.gismeteo.ru,1,1825,1,0,1161,0,alexa,alexa
yakumo-family.com,1,89,1,0,30,0,alexa,alexa
www.alpitour.it,1,1141,1,0,381,0,alexa,alexa
www.ecosia.org,1,1163,1,0,895,0,alexa,alexa
www.soft32.fr,1,396,1,0,139,1,alexa,alexa
www.kanoon.ir,1,365,1,0,278,0,alexa,alexa
il.bee.deals,1,190,1,0,39,1,alexa,alexa
www.thyssenkrupp.com,1,1096,1,0,125,0,alexa,alexa
www.landleader.com,1,1095,1,0,29,0,alexa,alexa
www.dvdsreleasedates.com,1,89,1,0,59,0,alexa,alexa
selfshot-digi.com,1,90,1,0,13,0,alexa,alexa
cbsenet.nic.in,1,365,0,0,406,0,alexa,alexa
www.aldi-nord.de,1,504,1,0,304,1,alexa,alexa
www.adaptivemall.com,1,365,1,0,27,0,alexa,alexa
www.archonia.com,1,368,1,0,272,0,alexa,alexa
invoicehome.com,1,88,1,0,20,0,alexa,alexa
www.myheritage.de,1,1100,1,0,862,1,alexa,alexa
gori.me,1,396,1,0,131,0,alexa,alexa
coolteeusa.com,1,191,1,0,5,1,alexa,alexa
www.lockon.co.jp,1,366,1,0,70,0,alexa,alexa
www.sfr.fr,1,790,1,1,252,0,alexa,alexa
wowfood.club,1,365,1,0,13,0,alexa,alexa
ts2t.com,1,1095,1,0,231,0,alexa,alexa
www.lto.de,1,1185,1,0,182,0,alexa,alexa
www.pablo3.com,1,190,1,0,79,1,alexa,alexa
fund.django-rest-framework.org,1,395,1,0,110,0,alexa,alexa
www.tatadocomo.com,1,392,1,0,52,1,alexa,alexa
www.gamershop.com.mx,1,90,1,0,8,0,alexa,alexa
email.snta.ru,1,365,1,0,98,0,alexa,alexa
www.autotriti.gr,1,425,1,0,39,0,alexa,alexa
freegaysexgames.com,1,365,1,0,34,0,alexa,alexa
www.tompress.be,1,365,1,0,105,0,alexa,alexa
www.ambankonline.com.my,1,731,1,0,403,0,alexa,alexa
mailboxincrease.yolasite.com,1,190,1,0,36,1,alexa,phish
www.stringforum.net,1,790,1,0,160,1,alexa,alexa
www.olx.kz,1,730,1,1,444,1,alexa,alexa
www.videoup.tv,1,365,1,0,67,0,alexa,alexa
olivertraveltrailers.com,1,89,1,0,55,0,alexa,alexa
bodix.jp,1,396,1,0,29,0,alexa,alexa
abafazi.org,1,90,1,0,1,1,alexa,phish
www.investireoggi.it,1,191,1,0,19,1,alexa,alexa
darinfo.com.br,1,90,1,0,14,0,alexa,alexa
www.harvard.edu,1,191,1,0,4,1,alexa,alexa
www.porntv.com,1,365,1,0,31,0,alexa,alexa
www.techysoup.com,1,134,1,0,40,0,alexa,alexa
usatuan.com,1,89,1,0,35,0,alexa,alexa
www.stocktrader.com,1,1096,1,0,882,0,alexa,alexa
www.xtube.com,1,835,1,0,12,0,alexa,alexa
freemusicarchive.org,1,190,1,0,46,1,alexa,alexa
vapingdaily.com,1,89,1,0,37,0,alexa,alexa
www.thelearninglab.com.sg,1,1095,1,0,622,0,alexa,alexa
konsumkaiser.com,1,89,1,0,35,1,alexa,alexa
www.gohacking.com,1,191,1,0,3,1,alexa,alexa
www.afflictionclothing.com,1,366,1,1,353,0,alexa,alexa
www.infotelefonica.es,1,365,1,0,77,0,alexa,alexa
bigshoes.com,1,89,1,0,58,0,alexa,alexa
www.promofarma.com,1,202,1,0,105,0,alexa,alexa
vnexpress.net,1,418,1,1,271,0,alexa,alexa
podfanatic.com,1,1095,1,0,762,0,alexa,alexa
nv-mp.com,1,191,1,0,18,1,alexa,alexa
echoprime.cz,1,89,1,0,38,1,alexa,alexa
98zero.com,1,90,1,0,11,0,alexa,alexa
www.taylorsecurity.com,1,736,1,0,138,0,alexa,alexa
lifechefs.com,1,90,1,0,27,0,alexa,phish
www.imeteo.sk,1,190,1,0,37,1,alexa,alexa
xight.org,1,89,1,0,20,0,alexa,alexa
www.nhaccuatui.com,1,744,1,0,721,0,alexa,alexa
www.target.com,1,730,1,1,284,0,alexa,alexa
www.pinterest.com,1,251,1,0,60,1,alexa,alexa
wetnwildsydney.com.au,1,365,1,1,342,0,alexa,alexa
ferret-plus.com,1,396,1,0,111,0,alexa,alexa
pack24.ru,1,89,1,0,59,0,alexa,alexa
therighthairstyles.com,1,1095,1,0,189,0,alexa,alexa
www.qualveiculo.net,1,190,1,0,17,1,alexa,alexa
www.teenvogue.com,1,480,1,0,31,1,alexa,alexa
bueromoebel-blitz.de,1,90,1,0,8,0,alexa,alexa
www.makoletonline.com,1,89,1,0,44,0,alexa,alexa
www.aeroport-tunis-carthage.com,1,89,1,0,37,0,alexa,alexa
www.psxhax.com,1,191,1,0,7,1,alexa,alexa
vereinsflieger.de,1,394,1,1,11,0,alexa,alexa
www.letakonosa.si,1,89,1,0,49,0,alexa,alexa
www.headed2.com,1,396,1,0,112,1,alexa,alexa
www.meissen.com,1,1141,1,0,75,0,alexa,alexa
www.xing.com,1,238,1,1,46,0,alexa,alexa
semirxb.world.tmall.com,1,354,1,0,19,1,alexa,alexa
www.futminna.edu.ng,1,1095,1,0,763,0,alexa,alexa
fuskator.com,1,89,1,0,48,0,alexa,alexa
eskano.com,1,190,1,0,36,1,alexa,alexa
www.zipower.ru,1,730,1,0,35,0,alexa,alexa
www.google.iq,1,84,1,0,11,1,alexa,alexa
aberturasimples.com.br,1,366,1,1,262,0,alexa,alexa
fuxlive.com,1,89,1,0,28,0,alexa,alexa
www.uddevalla.se,1,730,1,1,27,1,alexa,alexa
dare2compete.com,1,365,1,0,160,0,alexa,alexa
shaparak.ir,1,365,1,1,174,0,alexa,alexa
www.adonetvb.com,1,1095,1,0,80,0,alexa,alexa
www.livescore.in,1,730,1,0,193,0,alexa,alexa
bengalimp3songs.in,1,368,1,0,169,0,alexa,alexa
www.darkorbit.de,1,365,1,0,290,1,alexa,alexa
www.technopark.ru,1,365,1,0,182,0,alexa,alexa
ankerbeisisaile.world.tmall.com,1,354,1,0,6,1,alexa,alexa
nypost.com,1,90,1,0,7,0,alexa,alexa
bahasaweb.com,1,89,1,0,52,0,alexa,alexa
www.ignitioncasinopromotions.eu,1,420,1,1,224,0,alexa,phish
www.screenwritingu.com,1,365,1,0,341,0,alexa,alexa
www.ngpvan.com,1,1279,1,0,1098,0,alexa,alexa
zerosmoke.pro,1,89,1,0,20,0,alexa,alexa
holow.world.tmall.com,1,354,1,0,19,1,alexa,alexa
search.noaa.gov,1,89,1,0,23,1,alexa,alexa
www.bodysolid.com,1,425,1,0,111,0,alexa,alexa
www.hesport.com,1,191,1,0,7,1,alexa,alexa
www.infusionsoft.com,1,1096,1,0,93,0,alexa,alexa
www.playdoughtoplato.com,1,1095,1,0,595,0,alexa,alexa
www.planetamexico.com.mx,1,190,1,0,32,1,alexa,alexa
www.dedbit.com,1,190,1,0,83,1,alexa,alexa
www.inesquecivelcasamento.com.br,1,89,1,0,53,0,alexa,alexa
septwolvesxb.world.tmall.com,1,354,1,0,5,1,alexa,alexa
www.ofertaadsl.es,1,730,0,0,550,0,alexa,alexa
www.google.com.ly,1,83,1,0,11,0,alexa,alexa
watchtvinfo.com,1,90,1,0,0,1,alexa,phish
www.presentationmagazine.com,1,760,1,0,183,0,alexa,alexa
s2-prod.glasgowlive.co.uk,1,456,1,0,34,1,alexa,alexa
webepaper.wz.de,1,365,1,0,265,0,alexa,alexa
machinebook.pk,1,90,1,0,13,0,alexa,phish
www.noticias24carabobo.com,1,729,1,0,31,0,alexa,alexa
s2.logaster.com,1,367,1,0,42,1,alexa,alexa
www.vypredajskladu.eu,1,1096,1,0,257,1,alexa,alexa
owens.edu,1,1095,1,0,864,0,alexa,alexa
dogbehaviorscience.wordpress.com,1,1133,1,0,819,0,alexa,alexa
www.wareziens.net,1,191,1,0,7,1,alexa,alexa
helpfulpeeps.com,1,395,1,0,164,1,alexa,alexa
www.telenor.rs,1,790,1,1,165,0,alexa,alexa
www.flightmedia.co,1,191,1,0,21,1,alexa,alexa
euro-pvp.com,1,365,1,0,282,0,alexa,alexa
bullrun.world.tmall.com,1,354,1,0,5,1,alexa,alexa
mapc.am,1,89,1,0,54,0,alexa,alexa
www.downandfeathercompany.com,1,89,1,0,51,0,alexa,alexa
www.w3ctech.com,1,89,1,0,63,0,alexa,alexa
getmusicbee.com,1,365,1,0,243,0,alexa,alexa
www.iobit.com,1,942,1,0,27,0,alexa,alexa
paredro.com,1,191,1,0,6,1,alexa,alexa
yoobi.com,1,89,1,0,54,0,alexa,alexa
www.algebra.com,1,1095,1,0,640,0,alexa,alexa
www.pistoletcarabine.fr,1,425,1,1,119,1,alexa,alexa
www.meuadvogado.com.br,1,191,1,0,6,1,alexa,alexa
yexiang.world.tmall.com,1,354,1,0,6,1,alexa,alexa
www.zgdhhjha.com,1,365,1,0,6,0,alexa,alexa
monocloud.net,1,365,1,1,181,0,alexa,alexa
www.profesionalhosting.com,1,761,1,0,738,0,alexa,alexa
simozo.com,1,89,1,0,53,0,alexa,alexa
weblogit.net,1,365,1,0,39,0,alexa,alexa
astrologer.ru,1,90,1,0,18,0,alexa,alexa
blockchain-jp.com,1,89,1,0,16,0,alexa,alexa
www.todolonas.com,1,395,1,0,113,0,alexa,alexa
www.iphpbb3.com,1,365,1,0,277,0,alexa,alexa
www.feliratok.info,1,89,1,0,34,0,alexa,alexa
sukrutinteractive.com,1,90,1,0,11,0,alexa,phish
www.skatepro.uk,1,653,1,1,228,1,alexa,alexa
telchina.pl,1,365,1,0,246,0,alexa,alexa
seseyu.com,1,190,1,0,19,1,alexa,alexa
www.thebalance.com,1,736,1,0,102,1,alexa,alexa
www.anpdm.com,1,1187,1,0,826,0,alexa,alexa
www.zenika.com,1,190,1,0,60,1,alexa,alexa
www.triangle-calculator.com,1,89,1,0,73,0,alexa,alexa
samsebeskazal.livejournal.com,1,436,1,0,289,0,alexa,alexa
latincontinentals.com,1,90,1,0,10,0,alexa,phish
nodemcu-build.com,1,358,1,0,265,0,alexa,alexa
www.codewars.com,1,190,1,0,28,1,alexa,alexa
www.santandemobil.com,1,365,1,0,2,0,alexa,phish
www.kansalainen.fi,1,89,1,0,48,1,alexa,alexa
www.vivanuncios.com.mx,1,366,1,0,88,1,alexa,alexa
pcforum.hu,1,89,1,0,44,0,alexa,alexa
bitcoinwisdom.com,1,1152,1,0,670,0,alexa,alexa
www.webex.com,1,729,1,0,229,1,alexa,alexa
www.bang-olufsen.com,1,668,1,0,6,1,alexa,alexa
www.un-ihe.org,1,735,1,1,238,1,alexa,alexa
www.hardwareworld.com,1,1099,1,0,914,0,alexa,alexa
wordalist.com,1,89,1,0,78,0,alexa,alexa
www.expireddomains.net,1,1095,1,0,118,0,alexa,alexa
lasvegaslawblog.blogspot.com,1,83,1,0,12,1,alexa,alexa
www.hdwplayer.com,1,191,1,0,13,1,alexa,alexa
www.sciencedirect.com,1,456,1,0,110,0,alexa,alexa
www.cifrus.ru,1,90,1,0,5,0,alexa,alexa
www.zibakade.com,1,365,1,0,323,0,alexa,alexa
www.biphoo.com,1,730,1,0,129,0,alexa,alexa
www.infopackets.com,1,1825,1,0,1274,0,alexa,alexa
s2-prod.burtonmail.co.uk,1,365,1,0,242,1,alexa,alexa
arashi3.eu,1,191,1,0,7,1,alexa,alexa
www.pheenix.com,1,730,1,1,160,0,alexa,alexa
jonasraskphotography.com,1,89,1,0,22,1,alexa,alexa
keepvid.com,1,1092,1,0,497,0,alexa,alexa
biogo.pl,1,365,1,0,234,0,alexa,alexa
www.sahouri.com,1,90,1,0,12,1,alexa,alexa
www.wilkinsonpc.com.co,1,191,1,0,7,1,alexa,alexa
www.naughtyamerica.com,1,1096,1,0,247,0,alexa,alexa
www.freepbx.org,1,1096,1,0,857,0,alexa,alexa
performancecoach.ie,1,90,1,0,6,0,alexa,phish
gohi5.com,1,425,1,0,305,0,alexa,alexa
www.recruiting.com,1,89,1,0,17,1,alexa,alexa
www.filmapik.tv,1,191,1,0,11,1,alexa,alexa
mybensite.com,1,405,1,0,293,0,alexa,alexa
www.miele.de,1,1095,1,0,1055,0,alexa,alexa
www.okp.de,1,1122,1,0,817,0,alexa,alexa
yanderesimulator.com,1,191,1,0,9,1,alexa,alexa
www.udc.edu,1,1095,1,0,239,0,alexa,alexa
www.trendmoebel24.de,1,730,1,0,145,0,alexa,alexa
secure.espresso.cruisingpower.com,1,279,1,0,215,1,alexa,alexa
www.scoilnet.ie,1,1100,1,0,607,0,alexa,alexa
clicknupload.org,1,190,1,0,16,1,alexa,alexa
www.nvidia.es,1,678,1,0,150,1,alexa,alexa
cmykrush.com,1,457,1,0,313,0,alexa,alexa
games-xxx.com,1,365,1,0,73,0,alexa,alexa
kinox.to,1,190,1,0,19,1,alexa,alexa
www.google.nl,1,83,1,0,11,1,alexa,alexa
yepi.com,1,365,1,0,71,1,alexa,alexa
www.satta-bajar.com,1,191,1,0,14,1,alexa,alexa
www.help.no,1,730,1,0,68,0,alexa,alexa
yudokoro-honoka.jp,1,366,1,1,176,0,alexa,alexa
www.takvim.com.tr,1,730,1,0,199,1,alexa,alexa
www.koctas.com.tr,1,795,1,1,550,0,alexa,alexa
personal.hsbc.com.cn,1,731,1,1,403,0,alexa,alexa
www.therealisticmama.com,1,89,1,0,34,0,alexa,alexa
www.spk-nbdm.de,1,787,1,1,46,0,alexa,alexa
www.nur.kz,1,365,1,0,68,0,alexa,alexa
www.whitehouse.gov,1,365,1,0,314,0,alexa,alexa
www.memoinfo.fr,1,90,1,0,6,0,alexa,alexa
www.power.fi,1,1103,1,0,590,0,alexa,alexa
nurturestore.co.uk,1,191,1,0,7,1,alexa,alexa
www.philips.com.br,1,89,1,0,39,1,alexa,alexa
mjnjoongie.wordpress.com,1,1133,1,0,819,0,alexa,alexa
www.ge-tracker.com,1,1095,1,0,402,0,alexa,alexa
www.nonsolotv.com,1,365,1,0,270,0,alexa,alexa
www.pokergo.com,1,365,1,0,224,0,alexa,alexa
www.osrsadvice.com,1,89,1,0,38,1,alexa,alexa
www.vegasbright.com,1,365,1,0,310,0,alexa,alexa
imis.world.tmall.com,1,354,1,0,4,1,alexa,alexa
datayze.com,1,89,1,0,56,0,alexa,alexa
www.bunnings.com.au,1,730,1,0,546,0,alexa,alexa
www.sykescottages.co.uk,1,763,1,1,439,1,alexa,alexa
safishing.com,1,1096,1,0,14,0,alexa,alexa
anaboliclab.com,1,395,1,0,312,0,alexa,alexa
www.argentas.com.ar,1,191,1,0,2,1,alexa,alexa
www.rambler.ru,1,791,1,0,258,0,alexa,alexa
www.mycosmetik.fr,1,730,1,1,643,0,alexa,alexa
flowlu.ru,1,445,1,0,288,0,alexa,alexa
ismygirl.com,1,365,1,0,346,0,alexa,alexa
www.piecesxpress.com,1,89,1,0,41,0,alexa,alexa
grabclicks.com,1,191,1,0,10,1,alexa,alexa
torrentz2.eu,1,190,1,0,38,1,alexa,alexa
rstore.in,1,90,1,0,8,0,alexa,alexa
assuria.sr,1,425,1,0,173,0,alexa,alexa
www.biovision.com,1,190,1,0,135,1,alexa,alexa
www.exantcare.pl,1,395,1,0,84,0,alexa,alexa
www.viagogo.ch,1,811,1,1,285,0,alexa,alexa
web-infopay.com,1,365,1,0,6,0,alexa,phish
www.dogobooks.com,1,191,1,0,3,1,alexa,alexa
www.electricwingman.com,1,731,1,0,302,1,alexa,alexa
www.eatthismuch.com,1,190,1,0,32,1,alexa,alexa
digital.clarochile.cl,1,1095,1,0,199,0,alexa,alexa
nationalcenter.org,1,190,1,0,109,1,alexa,phish
www.ttpremium.com,1,1096,1,0,804,0,alexa,alexa
thaitabi.com,1,89,1,0,28,0,alexa,alexa
www.ujed.mx,1,89,1,0,56,0,alexa,alexa
ura-detvora.ru,1,89,1,0,26,0,alexa,alexa
bayunmei.world.tmall.com,1,354,1,0,19,1,alexa,alexa
www.kaina24.lt,1,1095,1,0,41,0,alexa,alexa
www.capnhq.gov,1,735,1,0,293,0,alexa,alexa
www.trucoswindows.com,1,89,1,0,33,0,alexa,alexa
www.solinter.com.br,1,730,1,0,547,0,alexa,alexa
geminimarketingservices.com,1,90,1,0,22,0,alexa,phish
www.wheelhouse-sf.com,1,395,1,0,19,0,alexa,alexa
auctioner-zebra-30333.netlify.com,1,731,1,1,363,1,alexa,phish
vaperzcloud.com,1,89,1,0,54,0,alexa,alexa
www.e-file.com,1,425,1,0,378,0,alexa,alexa
www.meemodel.com,1,1096,1,1,252,0,alexa,alexa
www.spoonflower.com,1,749,1,1,523,0,alexa,alexa
www.pocapoint.com,1,1096,1,0,1054,0,alexa,alexa
www.opendns.com,1,370,1,0,151,0,alexa,alexa
novaposhta.ua,1,790,1,1,515,0,alexa,alexa
www.sanju-mirai.com,1,89,1,0,41,0,alexa,alexa
www.ticketingboxoffice.com,1,365,1,0,160,0,alexa,alexa
sportzsdk.hotstar.com,1,457,1,0,313,0,alexa,alexa
us.syspro.com,1,1096,1,0,188,0,alexa,alexa
www.lovemondays.com.ar,1,191,1,0,14,1,alexa,alexa
impromptuinc.wordpress.com,1,1133,1,0,819,0,alexa,alexa
rvfever.org,1,90,1,0,20,0,alexa,phish
versteigerungspool.de,1,89,1,0,46,0,alexa,alexa
pirateproxy.wf,1,190,1,0,16,1,alexa,alexa
www.cubeline.ru,1,89,1,0,54,0,alexa,alexa
www.parts-people.com,1,740,1,1,664,0,alexa,alexa
www.google.com.mm,1,83,1,0,11,0,alexa,alexa
www.engineeringvillage.com,1,1144,1,0,1069,0,alexa,alexa
hunchfree.com,1,366,1,1,27,0,alexa,alexa
www.jobbsafari.se,1,1825,1,0,1069,0,alexa,alexa
mottox.co.jp,1,1125,1,0,196,0,alexa,alexa
mysearchguardian.com,1,425,1,0,361,0,alexa,alexa
www.soccer-king.jp,1,396,1,0,82,0,alexa,alexa
smittenkitchen.com,1,89,1,0,59,1,alexa,alexa
www.vogue.ru,1,89,1,0,50,0,alexa,alexa
elmesondepaco.com,1,90,1,0,11,0,alexa,phish
www.uni-stuttgart.de,1,1184,1,0,938,0,alexa,alexa
www.youngbucksmerch.com,1,90,1,0,20,0,alexa,alexa
handwritingworksheets.com,1,89,1,0,24,0,alexa,alexa
chat.svadba.com,1,366,1,0,112,1,alexa,alexa
horrorpediadotcom.wordpress.com,1,1133,1,0,806,0,alexa,alexa
www.4kdownload.com,1,1117,1,0,75,0,alexa,alexa
www.fichesdelecture.com,1,366,1,1,155,0,alexa,alexa
www.zarpaditos.com,1,190,1,0,30,1,alexa,alexa
flightsimnexus.com,1,191,1,0,22,1,alexa,alexa
baxbees.com,1,365,1,0,296,0,alexa,phish
www.productreview.com.au,1,327,1,0,97,0,alexa,alexa
raidforums.com,1,191,1,0,7,1,alexa,alexa
analytics.socialblade.com,1,190,1,0,124,1,alexa,alexa
cladandcloth.com,1,89,1,0,43,0,alexa,alexa
bradford.ac.uk,1,1094,1,0,299,1,alexa,alexa
kichkas.biz,1,89,1,0,36,0,alexa,alexa
thecollegejuice.com,1,191,1,0,12,1,alexa,alexa
www.dimensions-displays.com,1,191,1,0,15,1,alexa,alexa
www.feisovet.ru,1,1095,1,0,493,0,alexa,alexa
www.escueladevideojuegos.net,1,89,1,0,30,0,alexa,alexa
www.komsan.top,1,365,1,0,91,0,alexa,alexa
www.yourporno.com,1,89,1,0,50,0,alexa,alexa
www.dezeen.com,1,760,1,0,123,0,alexa,alexa
www.purinalatam.com,1,936,1,0,210,1,alexa,alexa
www.ruedesjoueurs.com,1,730,1,1,319,0,alexa,alexa
mypaintbynumbers.com,1,89,1,0,53,0,alexa,alexa
moff36startph-proportionable-reed.mybluemix.net,1,1184,1,0,218,0,alexa,phish
chcite.club,1,1095,1,0,252,0,alexa,alexa
www.eolo.it,1,1095,1,0,291,0,alexa,alexa
www.techonthenet.com,1,1095,1,0,461,0,alexa,alexa
downloadprovider.me,1,190,1,0,16,1,alexa,alexa
www.netwrix.com,1,1095,1,0,69,0,alexa,alexa
mediossociales.es,1,89,1,0,25,0,alexa,alexa
ck101.com,1,343,1,0,4,1,alexa,alexa
www.wooxo.fr,1,730,1,0,253,0,alexa,alexa
www.marineimports.co.uk,1,360,1,0,105,0,alexa,phish
content.dccu.com,1,1095,1,0,859,0,alexa,alexa
www.citylink.ie,1,1096,1,0,4,0,alexa,alexa
yellali.com,1,1125,1,0,189,0,alexa,alexa
www.gourmetgiftbaskets.com,1,522,1,1,245,0,alexa,alexa
www.americanprogress.org,1,1126,1,0,374,0,alexa,alexa
www.roligaprylar.se,1,89,1,0,62,1,alexa,alexa
pennyanita.blogspot.com,1,84,1,0,12,1,alexa,alexa
www.snagajob.com,1,758,1,1,690,0,alexa,alexa
www.revdl.com,1,324,1,0,27,1,alexa,alexa
prnt.sc,1,191,1,0,7,1,alexa,alexa
www.gastronom.ru,1,754,1,0,230,0,alexa,alexa
www.hackerx.org,1,379,1,0,98,0,alexa,alexa
101kurs.com,1,89,1,0,29,0,alexa,alexa
goldschmiede-plaar.de,1,395,1,0,365,0,alexa,alexa
www.musicjinni.com,1,191,1,0,10,1,alexa,alexa
www.mynrma.com.au,1,90,1,0,13,0,alexa,alexa
www.canisius.edu,1,1184,1,0,74,0,alexa,alexa
sobrevivencialismo.com,1,90,1,0,6,1,alexa,alexa
capacitacionenlineainifed.mx,1,395,1,0,35,0,alexa,alexa
abrakam.com,1,396,1,0,334,0,alexa,alexa
wtftime.ru,1,190,1,0,19,1,alexa,alexa
lualouro.com,1,90,1,0,10,0,alexa,alexa
vlaardingen24.nl,1,90,1,0,7,1,alexa,alexa
segmentfault.com,1,790,1,0,55,0,alexa,alexa
lovevixx.com,1,396,1,0,189,1,alexa,alexa
www.plotfinder.net,1,373,1,0,71,0,alexa,alexa
www.trndlabs.com,1,190,1,0,16,1,alexa,alexa
milklife.com,1,191,1,0,3,1,alexa,alexa
www.cbs.dk,1,1150,1,0,944,0,alexa,alexa
www.sustainablebiz.ca,1,89,1,0,24,1,alexa,alexa
www.mcs-promotion.com,1,744,1,0,137,0,alexa,alexa
www.meneame.net,1,1117,1,0,708,1,alexa,alexa
www.mkvcinema.com,1,190,1,0,16,1,alexa,alexa
tech24talk.com,1,191,1,0,5,1,alexa,alexa
ameobea.me,1,89,1,0,48,1,alexa,alexa
energybet.com,1,191,1,0,25,1,alexa,alexa
www-fr-outlet-avenue.brandalley.be,1,365,1,0,210,0,alexa,alexa
proxypirate.website,1,191,1,0,27,1,alexa,alexa
charismamag.com,1,89,1,0,31,1,alexa,alexa
www.thecompleteuniversityguide.co.uk,1,366,1,1,284,0,alexa,alexa
www.outsidepride.com,1,730,1,1,453,0,alexa,alexa
meridiens.org,1,365,1,0,246,0,alexa,alexa
compudabo.com.mx,1,313,1,0,279,0,alexa,alexa
took.com.ua,1,89,1,0,29,0,alexa,alexa
www.ceres.co.nz,1,90,1,0,11,0,alexa,alexa
p5js.org,1,89,1,0,52,0,alexa,alexa
xilfy.com,1,365,1,0,232,0,alexa,alexa
www.bestesgirokonto.net,1,190,1,0,19,1,alexa,alexa
www.google.com.do,1,83,1,0,11,1,alexa,alexa
www.eastwindscreenprint.net,1,365,1,0,91,0,alexa,alexa
voyeur-house.tv,1,89,1,0,25,1,alexa,alexa
boilecon.com,1,90,1,0,3,0,alexa,phish
bhuntr.com,1,733,1,0,712,0,alexa,alexa
beluna.net,1,90,1,0,9,0,alexa,phish
onedio.com,1,374,1,0,154,0,alexa,alexa
www.python.org,1,467,1,1,156,1,alexa,alexa
sufipoetry.wordpress.com,1,1133,1,0,819,0,alexa,alexa
brainberries.co,1,364,1,0,137,1,alexa,alexa
hotair.com,1,145,1,0,94,0,alexa,alexa
strajj.livejournal.com,1,436,1,0,276,0,alexa,alexa
lecturaagil.com,1,190,1,0,139,1,alexa,alexa
www.eurointegration.com.ua,1,365,1,0,149,0,alexa,alexa
www.google.gr,1,83,1,0,11,0,alexa,alexa
www.mdbg.net,1,397,1,0,67,0,alexa,alexa
www.glasswire.com,1,409,1,0,128,0,alexa,alexa
mcxpremiumtips.com,1,365,1,0,131,0,alexa,phish
bittercap.com,1,190,1,0,22,1,alexa,alexa
www.google.com.hk,1,83,1,0,11,0,alexa,alexa
www.kia.com,1,456,1,0,3,0,alexa,alexa
www.randstad.co.uk,1,1096,1,0,966,0,alexa,alexa
www.elblogsalmon.com,1,396,1,0,28,1,alexa,alexa
www.bcti.com,1,364,1,0,316,0,alexa,phish
www.kent.ac.uk,1,730,1,1,96,0,alexa,alexa
ihmrsistersggogonya.org,1,90,1,0,11,1,alexa,alexa
www.king-servers.com,1,1185,1,0,584,0,alexa,alexa
www.lidl.com,1,309,1,0,3,1,alexa,alexa
processwire.com,1,399,1,1,182,0,alexa,alexa
alpsport.kiev.ua,1,90,1,0,10,0,alexa,alexa
mixdrop.ru,1,191,1,0,14,1,alexa,alexa
www.lire-les-notes.com,1,89,1,0,33,1,alexa,alexa
formfull.in,1,191,1,0,4,1,alexa,alexa
home.campusclarity.com,1,1041,1,0,907,0,alexa,alexa
useme.eu,1,426,1,0,315,0,alexa,alexa
www.porn.com,1,379,1,0,311,0,alexa,alexa
www.almacgroup.com,1,1095,1,0,210,0,alexa,alexa
www.villanovo.fr,1,89,1,0,47,0,alexa,alexa
profi.ru,1,365,1,0,285,0,alexa,alexa
theempire.click,1,365,1,0,214,0,alexa,alexa
www.mer-link.co.cr,1,1461,1,0,1412,0,alexa,alexa
workupload.com,1,1095,1,0,581,0,alexa,alexa
www.qingse.one,1,190,1,0,16,1,alexa,alexa
siniykot.ru,1,370,1,0,56,0,alexa,alexa
api.sheknows.com,1,177,1,0,12,1,alexa,alexa
cdn.lixianyunbo.org,1,89,1,0,17,0,alexa,alexa
www.ninjacpareview.com,1,89,1,0,63,0,alexa,alexa
www.buscagro.com,1,365,1,0,108,0,alexa,alexa
www.screamingcircuits.com,1,425,1,0,355,0,alexa,alexa
clippingmagic.com,1,393,1,0,287,1,alexa,alexa
www.dentons.com,1,921,1,0,65,1,alexa,alexa
www.um.si,1,1100,1,0,363,0,alexa,alexa
viajala.com.pe,1,263,1,0,29,1,alexa,alexa
www.boutiquezerator.com,1,89,1,0,49,0,alexa,alexa
www.infinitiusa.com,1,456,1,0,110,0,alexa,alexa
mycv.pl,1,365,1,0,216,0,alexa,alexa
www.merdeka.com,1,425,1,0,125,0,alexa,alexa
foo.gallery,1,89,1,0,20,0,alexa,alexa
sheratonchicago.com,1,1096,1,0,46,1,alexa,alexa
www.mcfamily.ru,1,231,1,0,124,1,alexa,alexa
typingscout.com,1,366,1,1,252,0,alexa,alexa
www.actias.de,1,89,1,0,55,0,alexa,alexa
www.cgpeers.to,1,89,1,0,66,0,alexa,alexa
www.billionsouthgate.com,1,89,1,0,53,0,alexa,alexa
pixabay.com,1,89,1,0,61,0,alexa,alexa
www.yes24.vn,1,509,1,0,450,0,alexa,alexa
www.simulationdecredit.fr,1,89,1,0,16,1,alexa,alexa
www.clubcorsavenezuela.com,1,90,1,0,24,1,alexa,alexa
nesaporn.pro,1,191,1,0,5,1,alexa,alexa
www.ottowildegrillers.com,1,190,1,0,17,1,alexa,alexa
www.indoshares.com,1,191,1,0,10,1,alexa,alexa
getkobe.com,1,365,1,0,279,0,alexa,alexa
learningchess.net,1,89,1,0,71,0,alexa,alexa
www.reserveout.com,1,395,1,0,350,0,alexa,alexa
ts.ruten.com.tw,1,1095,1,0,580,0,alexa,alexa
www.zmones.lt,1,365,1,0,248,0,alexa,alexa
a.pomf.space,1,190,1,0,78,1,alexa,phish
tozai-yakkyoku.com,1,89,1,0,22,0,alexa,alexa
www.career-bbraun.com,1,307,1,0,106,1,alexa,alexa
www.touradour.com,1,365,1,0,222,0,alexa,alexa
www.roaft.gq,1,90,1,0,9,0,alexa,phish
www.paypal-community.com,1,777,1,1,258,0,alexa,alexa
www.anatomytrains.com,1,1095,1,0,934,0,alexa,alexa
www.samtik.com,1,729,1,1,284,0,alexa,alexa
sqsp.world.tmall.com,1,354,1,0,5,1,alexa,alexa
lux365.com,1,1095,1,0,277,0,alexa,alexa
www.q5.by,1,730,1,0,296,0,alexa,alexa
www.emprendices.co,1,366,1,0,254,0,alexa,alexa
www.verisk.com,1,270,1,0,57,1,alexa,alexa
acm2.etisalat.fulfillmentireland.ie,1,365,0,0,173,0,alexa,phish
oz-on.ru,1,730,1,0,279,0,alexa,alexa
kamo-uniforma.ru,1,1095,1,0,431,0,alexa,alexa
www.nitips.com,1,89,1,0,65,0,alexa,alexa
electronicsforu.com,1,365,1,0,325,0,alexa,alexa
www.kapanlagi.com,1,365,1,0,262,0,alexa,alexa
hisense.co.uk,1,89,1,0,36,0,alexa,alexa
www.statefarm.ca,1,820,1,1,208,1,alexa,alexa
www.verrimedia.tv,1,89,1,0,19,0,alexa,alexa
mr-ginseng.com,1,90,1,0,6,0,alexa,alexa
prepladder.com,1,364,1,0,278,0,alexa,alexa
www.barnesandnoble.com,1,425,1,0,104,0,alexa,alexa
www.boatoutfitters.com,1,302,1,0,39,1,alexa,alexa
www.berkshiregas.com,1,767,1,1,504,0,alexa,alexa
www.cineslys.com,1,365,1,0,318,0,alexa,alexa
royalphilharmonicsociety.org.uk,1,89,1,0,36,0,alexa,alexa
www.sbv-usp.ch,1,695,1,0,306,1,alexa,alexa
owlhq.net,1,1095,1,0,42,0,alexa,phish
www.google.co.uk,1,83,1,0,11,0,alexa,alexa
www.starmoney.de,1,135,1,1,114,0,alexa,alexa
banjalucanke.com,1,89,1,0,38,0,alexa,alexa
magazin-tolstovok.ru,1,366,1,1,5,0,alexa,alexa
www.nasepenize.cz,1,373,1,0,288,1,alexa,alexa
splash.andrewgillum.com,1,191,1,0,25,1,alexa,alexa
misisigao.world.tmall.com,1,354,1,0,5,1,alexa,alexa
yobit.net,1,365,1,0,336,0,alexa,alexa
www.fxteam.ru,1,191,1,0,11,1,alexa,alexa
www.modway.com,1,365,1,0,151,0,alexa,alexa
www.amoremi.ee,1,89,1,0,36,1,alexa,alexa
dicionarioegramatica.com.br,1,89,1,0,26,1,alexa,alexa
fractureme.com,1,190,1,0,3,0,alexa,alexa
www.oodmag.com,1,365,1,0,302,0,alexa,alexa
www.edwardsfcu.org,1,457,1,1,329,0,alexa,alexa
www.bzzagent.com,1,761,1,0,138,0,alexa,alexa
www.e-mediabox.com,1,90,1,0,15,0,alexa,phish
economics.ca,1,731,1,0,313,0,alexa,alexa
www.reserve-online.net,1,396,1,0,31,0,alexa,alexa
actionpay.net,1,366,1,1,236,0,alexa,alexa
www.quizup.com,1,757,1,0,567,0,alexa,alexa
www.snagrweb.com,1,191,1,0,11,1,alexa,alexa
www.pornojux.com,1,89,1,0,15,0,alexa,alexa
www.alberta.ca,1,1095,1,0,367,0,alexa,alexa
www.mysynchrony.com,1,730,1,1,26,1,alexa,alexa
idapple-security-wpauth.ngrok.io,1,365,1,0,43,1,alexa,phish
www.studynama.com,1,364,1,0,124,0,alexa,alexa
www.mutuionline.it,1,821,1,1,76,0,alexa,alexa
hofa-college.de,1,1095,1,0,914,1,alexa,alexa
www.bhphotovideo.com,1,588,1,0,377,1,alexa,alexa
www.americanschoolway.edu.co,1,1825,1,0,1029,0,alexa,alexa
www.meuhyundai.com.br,1,374,1,0,79,1,alexa,alexa
www.vetclick.com,1,89,1,0,27,1,alexa,alexa
www.dream.co.id,1,365,1,0,264,0,alexa,alexa
c0abf700.caspio.com,1,396,1,0,244,0,alexa,phish
www.pixnet.net,1,399,1,0,143,0,alexa,alexa
steponee.tv,1,89,1,0,30,0,alexa,alexa
intpforum.com,1,90,1,0,11,0,alexa,alexa
www.merriam-webster.com,1,914,1,0,17,0,alexa,alexa
dworzeconline.pl,1,730,1,0,294,0,alexa,alexa
pokemongo-get.com,1,89,1,0,28,0,alexa,alexa
smotret-porno-onlain.com,1,365,1,0,144,0,alexa,alexa
sazp.ir,1,365,1,0,308,0,alexa,alexa
donotcall.gov,1,559,1,0,115,0,alexa,alexa
www.reedsmith.com,1,563,1,0,129,0,alexa,alexa
coomeet.com,1,1095,1,0,97,0,alexa,alexa
www.parentlocker.com,1,365,1,0,131,0,alexa,alexa
www.passpack.com,1,365,1,0,131,0,alexa,alexa
www.proz.com,1,793,1,0,658,0,alexa,alexa
eventective.com,1,624,1,1,501,0,alexa,alexa
glatjobs.co.il,1,1095,1,0,652,0,alexa,alexa
www.wpd.nl,1,790,1,1,601,0,alexa,alexa
static.alsscan.com,1,371,1,0,369,0,alexa,alexa
dorianstudio.com,1,396,1,0,311,1,alexa,alexa
www.circleme.com,1,395,1,0,392,0,alexa,alexa
elpla.net,1,377,1,0,67,0,alexa,alexa
bcgperspectives.com,1,735,0,0,1080,0,alexa,alexa
www.michelinman.com,1,365,1,0,81,0,alexa,alexa
www.reddit.com,1,1100,1,0,826,1,alexa,alexa
hostenko.com,1,89,1,0,17,0,alexa,alexa
www.pugliareporter.com,1,365,1,0,262,0,alexa,alexa
www.forestholidays.co.uk,1,791,1,0,685,0,alexa,alexa
www.codyapp.com,1,1152,1,0,1075,1,alexa,alexa
www.aiga.org,1,1095,1,0,597,0,alexa,alexa
tweakers.net,1,89,1,0,18,1,alexa,alexa
www.egygamer.com,1,367,1,0,159,0,alexa,alexa
www.westernhealth.com,1,1187,1,0,868,0,alexa,alexa
www.vidaxl.it,1,1146,1,0,956,0,alexa,alexa
www.psychalive.org,1,190,1,0,15,1,alexa,alexa
phim3g.info,1,190,1,0,16,1,alexa,alexa
bulksmsnigeria.net,1,365,1,0,300,0,alexa,alexa
www.ecusystems.ru,1,89,1,0,20,0,alexa,alexa
www.hass.de,1,89,1,0,53,0,alexa,alexa
www.infopraca.pl,1,396,1,0,313,0,alexa,alexa
www.just-eat.es,1,765,1,0,656,0,alexa,alexa
sledcomrf.ru,1,89,1,0,56,0,alexa,alexa
www.flexiprep.com,1,191,1,0,11,1,alexa,alexa
www.faceplusplus.com,1,1139,1,0,11,0,alexa,alexa
yotafiles.com,1,191,1,0,10,1,alexa,alexa
www.steuertipps.de,1,820,1,1,136,0,alexa,alexa
www.plinga.com,1,393,1,0,291,1,alexa,alexa
www.daylightsky.co.uk,1,89,1,0,16,0,alexa,alexa
www.legrand.co.uk,1,399,1,1,383,0,alexa,alexa
www.albes.com,1,395,1,0,74,0,alexa,alexa
www.bruneau.fr,1,730,1,1,222,1,alexa,alexa
vickyflipfloptravels.com,1,191,1,0,10,1,alexa,alexa
ecostampa.it,1,1042,1,0,943,1,alexa,alexa
sofifa.com,1,365,1,0,92,0,alexa,alexa
www.coursbeauxarts.fr,1,425,1,0,45,0,alexa,alexa
www.google.hu,1,83,1,0,11,1,alexa,alexa
www.intp.ir,1,89,1,0,51,0,alexa,alexa
www.diyadinnet.com,1,365,1,0,92,0,alexa,alexa
www.whatsthebest-mattress.com,1,1095,1,0,307,0,alexa,alexa
pushresponse.net,1,1095,1,0,262,0,alexa,alexa
www.its-smile.co.jp,1,1096,1,0,875,0,alexa,alexa
zadgroup.net,1,190,1,0,24,1,alexa,alexa
edvance360.com,1,1095,1,0,459,0,alexa,alexa
jomfe.com,1,89,1,0,29,0,alexa,alexa
djmag.com,1,191,1,0,5,1,alexa,alexa
www.winsim.de,1,737,1,0,656,0,alexa,alexa
notalwaysright.com,1,190,1,0,17,1,alexa,alexa
daryo.uz,1,89,1,0,63,0,alexa,alexa
www.google.co.il,1,83,1,0,11,0,alexa,alexa
www.williamhill.com,1,730,1,0,608,1,alexa,alexa
www.spartoo.eu,1,754,1,0,13,0,alexa,alexa
food.tmall.com,1,74,1,0,61,1,alexa,alexa
www.zealotfun.com,1,370,1,0,105,0,alexa,alexa
www.bodfeld-apotheke.de,1,89,1,0,50,0,alexa,alexa
www.solidsolutions.co.uk,1,1096,1,0,801,0,alexa,alexa
www.marriageagency-nataly.net,1,190,1,0,53,1,alexa,alexa
www.mitula.cl,1,90,1,0,12,0,alexa,alexa
www.kiabi.pt,1,620,1,1,12,0,alexa,alexa
carousell.com,1,1107,1,0,59,0,alexa,alexa
www.plunderdesign.com,1,392,1,0,80,0,alexa,alexa
www.skillzdays.com,1,90,1,0,17,0,alexa,phish
airbook.ir,1,365,1,0,75,0,alexa,alexa
www.asnbank.nl,1,794,1,1,189,1,alexa,alexa
www.postcrossing.com,1,395,1,0,51,0,alexa,alexa
www.medaviebc.ca,1,396,1,0,132,1,alexa,alexa
www.reutlingen.de,1,395,1,1,91,0,alexa,alexa
www.heartratemonitorsusa.com,1,681,1,1,96,0,alexa,alexa
www.intel.com,1,365,1,0,89,0,alexa,alexa
www.spamloco.net,1,89,1,0,83,0,alexa,alexa
www.aversev.by,1,365,1,1,166,0,alexa,alexa
redditbooru.com,1,89,1,0,67,0,alexa,alexa
www.croma.com,1,862,1,0,21,1,alexa,alexa
www.rabobank.nl,1,370,1,1,297,0,alexa,alexa
www.txirula.com,1,190,1,0,32,1,alexa,alexa
moguta.ru,1,366,1,1,118,0,alexa,alexa
www.yungching.com.tw,1,1193,1,0,969,0,alexa,alexa
www.tk.de,1,821,1,1,585,0,alexa,alexa
course.tpf.org.in,1,90,1,0,12,0,alexa,phish
www.coinbase.com,1,819,1,1,349,0,alexa,alexa
www.insaniamu.com,1,190,1,0,68,1,alexa,alexa
www.subhub.com,1,89,1,0,56,0,alexa,alexa
articulate-online.com,1,395,1,0,147,0,alexa,alexa
uniqlo.tmall.com,1,354,1,0,4,1,alexa,alexa
in.bookmyshow.com,1,500,1,0,305,0,alexa,alexa
www.sombinario.com,1,365,1,0,26,0,alexa,alexa
uploadkadeh.com,1,89,1,0,48,0,alexa,alexa
www.psychobunny.com,1,90,1,0,20,0,alexa,alexa
www.buzzfeed.com,1,730,1,1,202,0,alexa,alexa
www.otto.de,1,453,1,1,45,1,alexa,alexa
www.careerbuildercareers.com,1,1096,1,0,977,0,alexa,alexa
hometesterclub.com,1,396,1,0,258,0,alexa,alexa
www.bmtisd.com,1,395,1,0,161,1,alexa,alexa
www.jntufastupdates.com,1,89,1,0,21,0,alexa,alexa
www.easynotecards.com,1,365,1,0,96,0,alexa,alexa
0web.ir,1,90,1,0,13,0,alexa,alexa
oliverspencer.co.uk,1,90,1,0,11,0,alexa,alexa
www.gaia.com,1,396,1,0,34,0,alexa,alexa
www.zostavax.com,1,433,1,0,51,1,alexa,alexa
toranet.jp,1,1096,1,0,117,0,alexa,alexa
libreshot.com,1,190,1,0,35,1,alexa,alexa
gemsplanet.ru,1,760,1,0,76,0,alexa,alexa
motmom.com,1,1118,1,0,594,0,alexa,alexa
www.koogeek.com,1,396,1,0,132,0,alexa,alexa
www.bharian.com.my,1,135,1,0,25,1,alexa,alexa
shtrafy-gibdd.ru,1,89,1,0,65,0,alexa,alexa
happymusicnotes.com,1,191,1,0,2,1,alexa,alexa
get-tune.cc,1,89,1,0,25,1,alexa,alexa
vuihocweb.com,1,365,1,0,161,0,alexa,alexa
www.howetools.co.uk,1,425,1,1,396,0,alexa,alexa
zdanie.info,1,90,1,0,8,0,alexa,alexa
hotels.ng,1,365,1,0,230,0,alexa,alexa
www.doi.gov,1,1164,1,0,889,0,alexa,alexa
blog.zenstudios.com,1,1125,1,0,162,0,alexa,alexa
web.de,1,735,1,0,258,0,alexa,alexa
www.hofer.at,1,192,1,0,84,1,alexa,alexa
jobs.vailresortscareers.com,1,382,1,0,182,0,alexa,alexa
goodpatch.com,1,730,1,0,47,0,alexa,alexa
telegraf.com.ua,1,190,1,0,16,1,alexa,alexa
kod18x.com,1,190,1,0,39,1,alexa,alexa
www.efriend.jp,1,365,1,0,234,0,alexa,alexa
formlabs.com,1,365,1,1,189,0,alexa,alexa
mtpark.ru,1,89,1,0,40,0,alexa,alexa
www.bau-welt.de,1,90,1,0,6,0,alexa,alexa
www.materprivate.ie,1,370,1,0,80,0,alexa,alexa
www.ledlampendirect.nl,1,365,1,1,185,0,alexa,alexa
www.crazygames.com,1,190,1,0,67,1,alexa,alexa
www.nypl.org,1,730,1,0,231,0,alexa,alexa
wholesale.heartlandvapes.com,1,365,1,0,199,0,alexa,alexa
sportstvratings.com,1,191,1,0,18,1,alexa,alexa
www.allbusiness.com,1,190,1,0,143,1,alexa,alexa
encode-decode.com,1,89,1,0,20,0,alexa,alexa
thevideobee.to,1,191,1,0,4,1,alexa,alexa
sense-lang.org,1,382,1,0,58,0,alexa,alexa
tempur.world.tmall.com,1,354,1,0,19,1,alexa,alexa
www.combin.com,1,365,1,0,217,0,alexa,alexa
anonymiz.com,1,190,1,0,30,1,alexa,alexa
www.dalecarnegie.com,1,456,1,0,224,0,alexa,alexa
www.elbenwald.de,1,790,1,1,472,0,alexa,alexa
www.getcloudcherry.com,1,730,1,1,348,1,alexa,alexa
www.pasionbiker.com,1,110,1,0,18,1,alexa,alexa
www.zapmeta.ws,1,730,1,0,11,0,alexa,alexa
safarinow.com,1,190,1,0,106,1,alexa,alexa
www.london.edu,1,456,1,0,134,0,alexa,alexa
estaticos02.laopiniondezamora.es,1,366,1,0,204,0,alexa,alexa
riviko.com,1,365,1,0,238,0,alexa,alexa
www.aizhan.com,1,1095,1,0,82,0,alexa,alexa
www.pivotaltracker.com,1,373,1,0,133,0,alexa,alexa
aiu.edu,1,365,1,0,335,0,alexa,alexa
wwwcache.wral.com,1,395,1,0,173,0,alexa,alexa
www.mssociety.org.uk,1,731,1,1,55,0,alexa,alexa
myporn.club,1,365,1,0,110,0,alexa,alexa
iconicphotos.org,1,89,1,0,32,1,alexa,alexa
www.swakembroidery.com,1,1095,1,0,413,0,alexa,alexa
kinsite.ru,1,365,1,0,339,0,alexa,alexa
owncloud.org,1,89,1,0,20,0,alexa,alexa
teuxdeux.com,1,396,1,0,39,0,alexa,alexa
www.amz.one,1,737,1,0,19,0,alexa,alexa
static6.spartoo.pl,1,789,1,0,301,0,alexa,alexa
hdmoviesfree.co,1,191,1,0,3,1,alexa,alexa
virginmobile.pl,1,365,1,0,167,0,alexa,alexa
townwork.net,1,1096,1,0,117,0,alexa,alexa
www.soxy.com,1,191,1,0,8,1,alexa,alexa
cubanosporelmundo.com,1,190,1,0,88,1,alexa,alexa
www.diamondprivilege.com,1,89,1,0,42,0,alexa,alexa
areawars.ru,1,365,1,0,293,0,alexa,alexa
www.alintisoz.com,1,191,1,0,4,1,alexa,alexa
honeysanime.com,1,1110,1,0,94,0,alexa,alexa
www.letter-samples.com,1,191,1,0,13,1,alexa,alexa
www.mensa.se,1,1825,1,0,1342,0,alexa,alexa
telegram.org,1,1146,1,0,822,0,alexa,alexa
www.penny-arcade.com,1,190,1,0,26,1,alexa,alexa
fromupnorth.com,1,365,1,0,20,0,alexa,alexa
fpldiscovery.wordpress.com,1,1133,1,0,819,0,alexa,alexa
www.toolshero.com,1,365,1,0,233,0,alexa,alexa
www.cascaraamarga.es,1,90,1,0,25,1,alexa,alexa
www.wowlister.com,1,89,1,0,46,0,alexa,alexa
news.biancolavoro.it,1,89,1,0,59,0,alexa,alexa
www.learningquest.com,1,394,1,0,69,0,alexa,alexa
toucengp.world.tmall.com,1,354,1,0,5,1,alexa,alexa
www.borrowlenses.com,1,1104,1,0,514,0,alexa,alexa
www.battlenet.com.cn,1,1095,1,0,819,0,alexa,alexa
auto.ru,1,730,1,0,239,1,alexa,alexa
dcms.1688.com,1,118,1,0,93,0,alexa,alexa
www.byggmax.se,1,1100,1,0,315,0,alexa,alexa
www.cinematoday.jp,1,1185,1,0,658,0,alexa,alexa
www.sonicdrivein.com,1,776,1,0,284,0,alexa,alexa
ground556.wixsite.com,1,1095,1,0,373,0,alexa,phish
www.google.co.in,1,83,1,0,11,1,alexa,alexa
www.authorityhacker.com,1,190,1,0,16,1,alexa,alexa
www.ups.com,1,730,1,1,19,1,alexa,alexa
www.alura.com.br,1,1132,1,0,641,0,alexa,alexa
www.money-press.info,1,365,1,0,84,0,alexa,alexa
raggededge.com,1,425,1,0,46,0,alexa,alexa
www.scarymommy.com,1,365,1,0,309,0,alexa,alexa
go-retire.com,1,1095,1,0,249,0,alexa,alexa
candrone.com,1,89,1,0,56,0,alexa,alexa
www.theloopyewe.com,1,748,1,1,398,0,alexa,alexa
www.kochava.com,1,1107,1,0,784,0,alexa,phish
itidea.org,1,90,1,0,9,0,alexa,alexa
www.taobaoring.com,1,1155,1,0,244,0,alexa,alexa
www.styletoday.nl,1,1095,1,0,294,0,alexa,alexa
cdnsolar.ca,1,90,1,0,79,1,alexa,alexa
www.personalityforge.com,1,89,1,0,52,0,alexa,alexa
www.acs.org,1,1095,1,0,82,0,alexa,alexa
www.nationalist.ca,1,251,1,0,121,0,alexa,alexa
www.england.nhs.uk,1,396,1,0,252,0,alexa,alexa
baker.edu.au,1,1095,1,0,349,0,alexa,alexa
www.duolingo.com,1,814,1,0,372,0,alexa,alexa
unistar.by,1,365,1,0,243,0,alexa,alexa
worldofwarplanes.com,1,1119,1,0,690,0,alexa,alexa
www.mcxpremiumtips.com,1,365,1,0,131,0,alexa,phish
www.santemoinschere.com,1,418,1,0,119,0,alexa,alexa
www.fanfiction.net,1,1096,1,0,748,0,alexa,alexa
sosiologi79.blogspot.co.id,1,83,1,0,13,1,alexa,alexa
pinshape.com,1,190,1,0,84,1,alexa,alexa
www.jobstreet.vn,1,395,1,0,60,1,alexa,alexa
aeterna-ufa.ru,1,365,1,0,243,0,alexa,alexa
cryptopay.btk.pm,1,190,1,0,18,1,alexa,phish
www.eteknix.com,1,191,1,0,5,1,alexa,alexa
m.ebay.de,1,366,1,0,147,1,alexa,alexa
getfirebug.com,1,400,1,0,196,0,alexa,alexa
www.carrodegaragem.com,1,89,1,0,27,0,alexa,alexa
www.cmmedia.com.tw,1,89,1,0,42,0,alexa,alexa
cioperu.pe,1,365,1,0,197,0,alexa,alexa
itexico.com,1,365,1,0,11,0,alexa,alexa
linguistlist.org,1,190,1,0,15,1,alexa,alexa
www.sfcc.edu,1,1100,1,0,469,0,alexa,alexa
www.rentech.com.tr,1,365,1,0,3,0,alexa,phish
www.flowjo.com,1,90,1,0,9,0,alexa,alexa
www.emarketer.com,1,365,1,0,4,1,alexa,alexa
www.izito.fr,1,709,1,0,320,1,alexa,alexa
readmoo.com,1,396,1,0,179,1,alexa,alexa
www.big-bait.com,1,396,1,0,111,1,alexa,alexa
www.optimalprint.de,1,400,1,1,159,0,alexa,alexa
viva-tv.ru,1,89,1,0,37,0,alexa,alexa
www.wowza.com,1,795,1,0,109,0,alexa,alexa
www.alanzucconi.com,1,191,1,0,7,1,alexa,alexa
ilyricsbuzz.com,1,1095,1,0,184,0,alexa,alexa
www.beautycraft.com,1,89,1,0,56,0,alexa,alexa
www.aliorbank.pl,1,384,1,1,175,0,alexa,alexa
www.bsu.edu.ru,1,425,1,0,73,0,alexa,alexa
www.footway.no,1,395,1,0,13,1,alexa,alexa
www.sparkasse-nuernberg.de,1,342,1,1,119,0,alexa,alexa
static.efukt.com,1,1095,1,0,192,0,alexa,alexa
www.lalalia.com,1,90,1,0,2,1,alexa,phish
www.vjloops.com,1,1144,1,0,300,0,alexa,alexa
www.bawagpsk.com,1,439,1,1,340,0,alexa,alexa
www.bellabelleshoes.com,1,89,1,0,26,0,alexa,alexa
www.brantube.com,1,365,1,0,172,0,alexa,alexa
www.mikerindersblog.org,1,365,1,0,27,0,alexa,alexa
www.parafcard.com.tr,1,366,1,0,348,0,alexa,alexa
abcdaeletronica.com.br,1,90,1,0,8,0,alexa,phish
www.investopedia.com,1,1095,1,0,612,0,alexa,alexa
world.taobao.com,1,74,1,0,61,1,alexa,alexa
soft-file.ru,1,89,1,0,58,0,alexa,alexa
ozpropertygroup.com.au,1,365,1,0,4,0,alexa,phish
chatru.com,1,89,1,0,41,0,alexa,alexa
www.rsa.com,1,723,1,0,203,1,alexa,alexa
www.hiroboy.com,1,190,1,0,17,1,alexa,alexa
www.ip-approval.com,1,89,1,0,77,0,alexa,alexa
align.fun,1,89,1,0,71,1,alexa,alexa
imgpublic.com,1,191,1,0,4,1,alexa,alexa
www.luxuryrealestate.com,1,1096,1,0,825,0,alexa,alexa
www.walbusch.de,1,730,1,1,172,1,alexa,alexa
www.japan-secure.com,1,89,1,0,24,0,alexa,alexa
www.itam.mx,1,1096,1,0,269,0,alexa,alexa
www.cminds.com,1,89,1,0,20,0,alexa,alexa
www.sitebuilder.com,1,1126,1,0,626,0,alexa,alexa
www.myheritage.com.tr,1,1100,1,0,876,1,alexa,alexa
www.gemdat.org,1,89,1,0,48,1,alexa,alexa
curazy.com,1,396,1,0,122,0,alexa,alexa
www.redken.com,1,375,1,0,138,0,alexa,alexa
www.hifitest.de,1,730,1,0,244,1,alexa,alexa
www.guiarepsol.com,1,366,1,0,159,0,alexa,alexa
www.dudesweet.org,1,365,1,0,133,0,alexa,alexa
ojooo.com,1,383,1,0,313,0,alexa,alexa
www.pszone.fr,1,89,1,0,77,0,alexa,alexa
miningdiscounts.com,1,89,1,0,19,0,alexa,alexa
www.outfieldapp.com,1,426,1,0,296,0,alexa,alexa
ensure.com,1,456,1,0,173,0,alexa,alexa
www.amazon.co.jp,1,366,1,0,19,1,alexa,alexa
pianino.by,1,1095,1,0,169,0,alexa,alexa
www.releaf.ng,1,89,1,0,36,0,alexa,alexa
m.ebay.com.au,1,366,1,0,158,1,alexa,alexa
www.buckled.eu,1,190,1,0,17,1,alexa,alexa
holidayinndarlingharbour-my.sharepoint.com,1,486,1,0,343,1,alexa,phish
static.daojia.com,1,1095,1,0,623,0,alexa,alexa
prostoporno.xxx,1,365,1,0,289,0,alexa,alexa
www.tezos.com,1,290,1,0,196,1,alexa,alexa
www.hostwinds.com,1,1095,1,0,2,0,alexa,alexa
www.acord.org,1,738,1,0,516,0,alexa,alexa
imgur.com,1,414,1,0,396,0,alexa,alexa
bandagirivillage.com,1,90,1,0,3,0,alexa,phish
www.boadica.com.br,1,89,1,0,19,1,alexa,alexa
www.rains.com,1,89,1,0,50,0,alexa,alexa
www.centrohogarsanchez.es,1,730,1,0,481,0,alexa,alexa
os.tc,1,298,1,0,187,1,alexa,alexa
www.annsummers.com,1,782,1,1,538,0,alexa,alexa
ledesk.ma,1,350,1,0,256,1,alexa,alexa
itouchbr.wordpress.com,1,1133,1,0,806,0,alexa,phish
www.schedulinginstitute.com,1,364,1,0,205,0,alexa,alexa
www.ft.com,1,177,1,0,12,1,alexa,alexa
www.clubemarisol.com.br,1,730,1,1,311,0,alexa,alexa
farhadexchange.com,1,365,1,0,98,0,alexa,alexa
www.avirtualvoyage.net,1,190,1,0,24,1,alexa,alexa
www.farmerama.hu,1,365,1,0,307,1,alexa,alexa
whatsapp.codevalidation.accountexpired.creativesurgeon.com,1,90,1,0,0,1,alexa,phish
vite-ma-hotline.com,1,405,1,1,31,0,alexa,alexa
www.samanik.com,1,191,1,0,10,1,alexa,alexa
crackedmine.com,1,190,1,0,42,1,alexa,alexa
plus.arcademics.com,1,396,1,0,152,0,alexa,alexa
sekreti-domovodstva.ru,1,89,1,0,58,0,alexa,alexa
www.intelligencecareers.gov,1,456,1,0,84,0,alexa,alexa
footfetishbb.com,1,365,1,0,276,0,alexa,alexa
www.camdengrey.com,1,760,1,0,453,0,alexa,alexa
www.realh.com.br,1,730,1,0,612,0,alexa,alexa
www.ama-assn.org,1,275,1,0,104,0,alexa,alexa
hqimg.com,1,190,1,0,33,1,alexa,alexa
www.jiyoujia.com,1,365,1,0,41,1,alexa,alexa
www.cosmicbooknews.com,1,190,1,0,54,1,alexa,alexa
www.bodybuilding.com,1,456,1,0,224,0,alexa,alexa
www.lookmw.cn,1,365,1,0,210,0,alexa,alexa
www.fifaplanet.de,1,190,1,0,16,1,alexa,alexa
www.delwebb.com,1,1095,1,0,584,0,alexa,alexa
samplewonderlictest.com,1,89,1,0,56,0,alexa,alexa
www.eurekalert.org,1,1100,1,0,431,0,alexa,alexa
www.bo.de,1,1155,1,0,122,0,alexa,alexa
s8-toronto.accountservergroup.com,1,1825,1,0,1171,0,alexa,phish
www.bassstringsonline.com,1,790,1,0,216,0,alexa,alexa
zen-waves.com,1,1095,1,0,414,0,alexa,alexa
www.liliput.ch,1,1095,1,0,89,0,alexa,alexa
www.granadacf.es,1,365,1,0,145,0,alexa,alexa
www.sakura.ne.jp,1,747,1,1,68,0,alexa,alexa
www.spk-swb.de,1,813,1,1,315,0,alexa,alexa
www.gamepedia.com,1,190,1,0,84,1,alexa,alexa
sa.aqar.fm,1,1154,1,0,621,0,alexa,alexa
insee.fr,1,1095,1,0,398,0,alexa,alexa
www.peopleadmin.com,1,396,1,0,250,1,alexa,alexa
gnta.ge,1,90,1,0,20,0,alexa,phish
www.digitaslbi.com,1,366,1,1,306,0,alexa,alexa
www.cloudromance.com,1,365,1,0,238,0,alexa,alexa
www.designernews.co,1,90,1,0,3,0,alexa,alexa
lifehackstips.com,1,365,1,0,98,0,alexa,alexa
megadvdrip.wordpress.com,1,1133,1,0,806,0,alexa,alexa
www.mall.cz,1,800,1,1,678,0,alexa,alexa
www.gruppenunterkuenfte.de,1,365,1,0,54,0,alexa,alexa
www.betterads.org,1,190,1,0,37,1,alexa,alexa
www.zibi.pl,1,191,1,0,1,1,alexa,alexa
www.blendswap.com,1,89,1,0,18,0,alexa,alexa
www.chefsteps.com,1,730,1,1,483,0,alexa,alexa
www.credit24.com.au,1,370,1,1,70,0,alexa,alexa
www.tablenow.vn,1,730,1,0,554,0,alexa,alexa
www.intopic.it,1,90,1,0,14,0,alexa,alexa
mamalara.ru,1,365,1,0,168,0,alexa,alexa
www.companyfolders.com,1,788,1,1,553,0,alexa,alexa
retailrocket.ru,1,366,1,1,74,0,alexa,alexa
darshangajara.com,1,89,1,0,39,1,alexa,alexa
www.skylink.cz,1,760,1,0,68,1,alexa,alexa
www.mastercode.vn,1,364,1,0,349,0,alexa,alexa
servicearizona.com,1,1155,1,0,1084,0,alexa,alexa
fluffyaudio.com,1,365,1,0,274,0,alexa,alexa
www.insidermonkey.com,1,395,1,0,345,0,alexa,alexa
faos.cl,1,90,1,0,2,1,alexa,phish
www.kroonwear.com,1,89,1,0,43,0,alexa,alexa
nctq.org,1,365,1,0,63,0,alexa,alexa
www.hao123.com,1,336,1,0,66,1,alexa,alexa
www.sparkasse-gelsenkirchen.de,1,341,1,1,118,0,alexa,alexa
www.vslivetv.com,1,90,1,0,5,0,alexa,phish
www.hayatelkalema.org,1,90,1,0,76,1,alexa,phish
www.appearhere.co.uk,1,395,1,0,75,1,alexa,alexa
tierradegracia.net,1,191,1,0,0,1,alexa,alexa
ezbox.idv.tw,1,89,1,0,58,0,alexa,alexa
www.neliti.com,1,90,1,0,13,0,alexa,alexa
mail.ukr.net,1,730,1,1,635,0,alexa,alexa
www.adminweb.jp,1,730,1,0,283,0,alexa,alexa
www.ideabeam.com,1,191,1,0,7,1,alexa,alexa
www.khanacademy.org,1,1469,1,0,1106,0,alexa,alexa
www.wcpss.net,1,1185,1,0,889,0,alexa,alexa
datingchile.cl,1,1095,1,0,203,0,alexa,alexa
ascentsofscotland.co.uk,1,296,1,0,122,1,alexa,phish
piwik.gbox.pl,1,730,1,0,273,0,alexa,alexa
tmxmoney.com,1,725,1,1,227,0,alexa,alexa
www.travellink.fi,1,790,1,0,141,0,alexa,alexa
www.thomas-krenn.com,1,790,1,1,441,0,alexa,alexa
www.migros.com.tr,1,743,1,0,573,0,alexa,alexa
www.udzoudyho.cz,1,1095,1,0,231,0,alexa,alexa
admission.loyola.edu,1,89,1,0,28,0,alexa,alexa
gsuitetips.com,1,365,1,0,236,0,alexa,alexa
www.google.com.sg,1,83,1,0,11,1,alexa,alexa
www.icimcay.com,1,90,1,0,23,0,alexa,phish
g.163.com,1,808,1,0,768,0,alexa,alexa
www.parcelforce.com,1,730,1,0,24,0,alexa,alexa
kuruwa.photo,1,89,1,0,45,0,alexa,alexa
agoodmovietowatch.com,1,341,1,0,162,1,alexa,alexa
www.hezarehinfo.net,1,353,1,0,204,0,alexa,alexa
betradar.com,1,1123,1,0,48,0,alexa,alexa
kamatica.com,1,89,1,0,67,1,alexa,alexa
beta.charityvillage.com,1,425,1,0,420,0,alexa,alexa
www.leapmotion.com,1,89,1,0,27,0,alexa,alexa
www.technopolis.fi,1,365,1,1,252,1,alexa,alexa
www.joesnewbalanceoutlet.com,1,805,1,1,670,0,alexa,alexa
www.savaria.com,1,425,1,0,364,0,alexa,alexa
worldofwarcraft.com,1,1185,1,0,598,0,alexa,alexa
www.kamer.nl,1,190,1,0,42,1,alexa,alexa
www.weihenstephaner.de,1,1095,1,0,566,0,alexa,alexa
nyasha.me,1,339,1,0,161,1,alexa,alexa
www.cloture-et-jardin.fr,1,365,1,0,120,0,alexa,alexa
www.hershesons.com,1,191,1,0,7,1,alexa,alexa
eev.ee,1,89,1,0,50,1,alexa,alexa
foodphotographyschool.com,1,191,1,0,12,1,alexa,alexa
amigosconderechos.com,1,396,1,0,27,1,alexa,alexa
www.sollas.com.br,1,90,1,0,10,0,alexa,phish
www.suncorp.com.au,1,436,1,0,160,0,alexa,alexa
freedownloadmanager.org,1,365,1,0,87,0,alexa,alexa
storia.me,1,456,1,0,154,0,alexa,phish
www.newmoove.com,1,803,1,0,28,0,alexa,alexa
www.alayacare.com,1,365,1,0,19,0,alexa,alexa
iomedia.ru,1,1095,1,0,333,0,alexa,alexa
www.500.gifts,1,89,1,0,42,0,alexa,alexa
www.scottishfootballtips.com,1,190,1,0,17,1,alexa,alexa
chat-de.com,1,89,1,0,26,0,alexa,alexa
sadalskij.livejournal.com,1,436,1,0,275,0,alexa,alexa
www.thealthbenefitsof.com,1,89,1,0,26,1,alexa,alexa
www.clubmed.us,1,456,1,0,112,1,alexa,alexa
www.stats4free.de,1,1095,1,0,634,0,alexa,alexa
www.stockio.com,1,191,1,0,0,1,alexa,alexa
apolo.ninsaude.com,1,375,1,0,370,0,alexa,alexa
www.qualtrics.com,1,335,1,0,46,1,alexa,alexa
pasadenaseacadets.org,1,90,1,0,7,0,alexa,phish
www.loudtronix.co,1,190,1,0,82,1,alexa,alexa
www.mgfamiliar.net,1,89,1,0,58,0,alexa,alexa
ckfile.com,1,191,1,0,2,1,alexa,alexa
evernote.com,1,735,1,0,455,0,alexa,alexa
symphonized.com,1,89,1,0,59,0,alexa,alexa
zoombangla.com,1,365,1,0,153,0,alexa,alexa
healthshopalbir.com,1,90,1,0,9,0,alexa,phish
www.wunderino.com,1,365,1,1,287,0,alexa,alexa
www.agfagraphics.com,1,746,1,0,56,0,alexa,alexa
qlane.biz,1,90,1,0,9,0,alexa,phish
cuc.org,1,198,1,0,26,1,alexa,alexa
shotkit.com,1,89,1,0,33,0,alexa,alexa
conyac.cc,1,396,1,0,296,0,alexa,alexa
www.defensenews.com,1,90,1,0,9,1,alexa,alexa
icefuse.net,1,365,1,0,259,0,alexa,alexa
stalker.so,1,760,1,0,28,0,alexa,alexa
www.bitstarz6.com,1,90,1,0,7,0,alexa,alexa
www.mirf.ru,1,365,1,0,243,0,alexa,alexa
online.pizzahut.co.in,1,418,1,0,12,1,alexa,alexa
www.chaikinanalytics.com,1,455,1,0,258,0,alexa,alexa
www.tourister.ru,1,373,1,0,54,0,alexa,alexa
www.beforward.jp,1,395,1,0,146,0,alexa,alexa
www.fishidy.com,1,761,1,0,339,0,alexa,alexa
ritetag.com,1,89,1,0,42,0,alexa,alexa
about.riot.im,1,734,1,0,68,0,alexa,alexa
discgolfscene.com,1,190,1,0,16,1,alexa,alexa
vue-js.com,1,365,1,0,188,0,alexa,alexa
www.englishcoachchad.com,1,190,1,0,19,1,alexa,alexa
reichsdatenbank.de,1,89,1,0,38,0,alexa,alexa
www.freepik.com,1,999,1,0,881,0,alexa,alexa
launchpad.net,1,385,1,1,181,0,alexa,alexa
aboutibs.org,1,1096,1,0,151,1,alexa,alexa
www.twentyeighty.com,1,395,1,0,106,1,alexa,alexa
ascendingprofit.com,1,191,1,0,3,1,alexa,alexa
stanfordhealthcare.org,1,1095,1,0,1082,0,alexa,alexa
www.rue20.com,1,191,1,0,10,1,alexa,alexa
www.rajamobil.com,1,190,1,0,77,1,alexa,alexa
belta-shop.jp,1,1125,1,0,292,0,alexa,alexa
www.autobytel.com,1,303,1,0,27,1,alexa,alexa
www.wittybunny.com,1,365,1,0,336,0,alexa,alexa
www.snapdeal.com,1,456,1,0,109,1,alexa,alexa
www.concordinfiniti.com,1,89,1,0,38,0,alexa,alexa
www.dailynews.co.zw,1,426,1,0,354,0,alexa,alexa
www.rd.nl,1,1095,1,0,263,0,alexa,alexa
www.livejasmin.com,1,1095,1,0,171,0,alexa,alexa
www.rapidology.com,1,1123,1,0,112,0,alexa,alexa
www.annsfabulousfinds.com,1,90,1,0,27,0,alexa,alexa
blogosoft.com,1,365,1,0,236,0,alexa,alexa
www.allfinegirls.com,1,1095,1,0,431,0,alexa,alexa
www.seguridadsocialsuramericana.com,1,365,1,0,310,0,alexa,phish
cdn.survivorsrest.com,1,191,1,0,0,1,alexa,alexa
woxsen.edu.in,1,355,1,1,170,0,alexa,alexa
www.egarpi.es,1,89,1,0,40,0,alexa,alexa
www298.lunapic.com,1,89,1,0,53,0,alexa,alexa
thepowerpath.com,1,90,1,0,15,0,alexa,alexa
vidmate-apk.com,1,90,1,0,8,0,alexa,alexa
www.unitag.io,1,365,1,0,199,0,alexa,alexa
ns3066895.ip-79-137-64.eu,1,365,1,0,82,0,alexa,phish
pizzahut.jp,1,456,1,0,235,0,alexa,alexa
wiki.freitagsrunde.org,1,89,1,0,39,0,alexa,alexa
www.virginmedia.ie,1,764,1,0,66,1,alexa,alexa
sitev.bcash.com.br,1,1095,1,0,955,0,alexa,alexa
skatteverket.se,1,730,1,0,182,0,alexa,alexa
www.tiskettasketlansing.com,1,365,1,0,233,0,alexa,phish
www.value-domain.com,1,961,1,0,876,0,alexa,alexa
www.researchgate.net,1,1096,1,1,447,0,alexa,alexa
app.prestopages.net,1,190,1,0,17,1,alexa,alexa
www.buergenstock.ch,1,730,1,0,166,0,alexa,alexa
allpolus.com,1,89,1,0,57,0,alexa,alexa
www.miljugadas2.com,1,191,1,0,3,1,alexa,alexa
forum-raspberrypi.de,1,365,1,0,48,0,alexa,alexa
archzine.net,1,190,1,0,65,1,alexa,alexa
t-soft.co,1,190,1,0,16,1,alexa,alexa
creampiethais.com,1,90,1,0,15,0,alexa,alexa
watchonline-hindimetoons.blogspot.com,1,83,1,0,13,1,alexa,alexa
www.milkywayhealing.com,1,365,1,0,233,0,alexa,phish
exceljet.net,1,1126,1,0,713,0,alexa,alexa
www.brasiltudoliberado.com,1,191,1,0,1,1,alexa,alexa
www.renault.it,1,503,1,0,45,1,alexa,alexa
online-vulkan14.cc,1,191,1,0,0,1,alexa,alexa
www.cerezo.jp,1,396,1,0,133,0,alexa,alexa
www.destatis.de,1,1184,1,0,11,0,alexa,alexa
iacr.org,1,90,1,0,12,0,alexa,alexa
www.ev.org.br,1,366,1,1,129,0,alexa,alexa
www.kongapages.com,1,90,1,0,3,0,alexa,phish
ajdg.solutions,1,395,1,0,108,0,alexa,alexa
www.ebac.com,1,760,1,0,530,0,alexa,alexa
www.pdx.edu,1,404,1,1,362,0,alexa,alexa
www.linxo.com,1,821,1,1,510,0,alexa,alexa
minecraft-server.eu,1,365,1,0,70,0,alexa,alexa
youla.pro,1,365,1,0,308,0,alexa,alexa
china-towns.com,1,89,1,0,78,0,alexa,alexa
www.amplify.com,1,791,1,0,620,0,alexa,alexa
www.fantasypros.com,1,395,1,0,295,0,alexa,alexa
www.examcollection.com,1,1125,1,0,371,0,alexa,alexa
www.shakespeare.org.uk,1,1095,1,0,552,0,alexa,alexa
www.zionsbank.com,1,730,1,0,180,0,alexa,alexa
www.zorixen.com,1,191,1,0,3,1,alexa,alexa
prohealthsys.com,1,190,1,0,30,1,alexa,alexa
typejournal.ru,1,365,1,0,111,0,alexa,alexa
www.yello.de,1,790,1,1,5,0,alexa,alexa
www.reuters.com,1,395,1,0,209,1,alexa,alexa
domainregister.international,1,365,1,0,312,0,alexa,alexa
www.buysellcyprus.com,1,730,1,0,270,0,alexa,alexa
www.gedfast.org,1,191,1,0,15,1,alexa,alexa
www.pycogroup.com,1,408,1,0,64,0,alexa,alexa
www.eventtrix.com,1,1186,1,0,229,0,alexa,alexa
www.abcdelanature.com,1,425,1,1,53,0,alexa,alexa
www.fastify.io,1,191,1,0,12,1,alexa,alexa
www.daad.org,1,215,1,0,6,1,alexa,alexa
www.epravda.com.ua,1,365,1,0,162,0,alexa,alexa
www.tartt.io,1,89,1,0,21,0,alexa,alexa
www.vodafone.pt,1,735,1,0,195,0,alexa,alexa
www.liftable.com,1,191,1,0,11,1,alexa,alexa
spalumi.com,1,365,1,0,175,0,alexa,alexa
www.kompasiana.com,1,396,1,0,90,0,alexa,alexa
www.fotomaniak.pl,1,89,1,0,34,0,alexa,alexa
cleancoders.com,1,1159,1,0,654,0,alexa,alexa
futurism.media,1,190,1,0,16,1,alexa,alexa
www.wur.nl,1,735,1,0,133,1,alexa,alexa
sovtex.se,1,365,1,0,67,0,alexa,alexa
eweled.pl,1,730,1,0,633,0,alexa,alexa
perkzilla.com,1,90,1,0,7,0,alexa,alexa
sexnord.net,1,1070,1,0,539,0,alexa,alexa
cooperfrance.com,1,90,1,0,6,0,alexa,alexa
www.rivermarkcuonline.org,1,456,1,1,180,0,alexa,alexa
www.ulusalpost.com,1,365,1,0,66,0,alexa,alexa
qau.edu.pk,1,363,1,0,313,0,alexa,alexa
www.covalentworks.com,1,425,1,0,415,0,alexa,alexa
waffle.io,1,365,1,0,3,0,alexa,alexa
www.ndrugs.com,1,1095,1,0,32,0,alexa,alexa
o-ring.info,1,365,1,0,86,1,alexa,alexa
iah.org,1,395,1,0,187,0,alexa,alexa
classic11.com,1,89,1,0,44,0,alexa,alexa
rutasgdl.com,1,191,1,0,2,1,alexa,alexa
www.pipelinedeals.com,1,396,1,0,304,0,alexa,alexa
www.eurob.it,1,89,1,0,53,0,alexa,alexa
www.correioangolense.com,1,365,1,0,236,0,alexa,alexa
deliciouslysavvy.com,1,365,1,0,48,0,alexa,alexa
summerinfant.com,1,396,1,1,271,1,alexa,alexa
www.edelmanfinancial.com,1,729,1,1,581,0,alexa,alexa
upgradexfinitynow.com,1,365,1,0,12,0,alexa,phish
treadlabs.com,1,89,1,0,54,0,alexa,alexa
www.moolineo.com,1,1183,1,0,539,0,alexa,alexa
anekdotovstreet.com,1,89,1,0,54,0,alexa,alexa
trademaster.ua,1,365,1,0,210,0,alexa,alexa
www.wellpreserved.ca,1,379,1,0,11,0,alexa,alexa
motormoney.org,1,365,1,1,167,0,alexa,alexa
www.jemepropose.com,1,89,1,0,37,0,alexa,alexa
www.zillow.com,1,820,1,1,434,0,alexa,alexa
tkgm.gov.tr,1,1095,1,0,96,0,alexa,alexa
www.rakuten.co.jp,1,456,1,0,122,0,alexa,alexa
www.maxpert.de,1,745,1,1,273,0,alexa,alexa
hpnsupplements.com,1,366,1,1,86,0,alexa,alexa
trestique.com,1,730,1,0,260,0,alexa,alexa
sputniknews.com,1,737,1,0,10,0,alexa,alexa
www.understandingiran.com,1,90,1,0,5,0,alexa,alexa
www.travellink.no,1,790,1,0,140,0,alexa,alexa
studycor.com,1,361,1,0,207,0,alexa,alexa
manga.tokyo,1,396,1,0,137,0,alexa,alexa
www.biblio.com,1,807,1,1,206,0,alexa,alexa
chiasewiki.com,1,191,1,0,12,1,alexa,alexa
umd.edu,1,1100,1,0,266,0,alexa,alexa
www.q8trade.com,1,365,1,0,274,0,alexa,alexa
www.intellicasting.com,1,90,1,0,5,0,alexa,alexa
www.jaysonic.net,1,90,1,0,7,0,alexa,phish
www.izooto.com,1,371,1,0,314,0,alexa,alexa
www.seniorhealthcareservices.net,1,90,1,0,11,0,alexa,phish
www.nissan.com.pa,1,477,1,0,224,0,alexa,alexa
www.jsonschemavalidator.net,1,1095,1,0,46,0,alexa,alexa
www.alltrails.com,1,367,1,0,271,0,alexa,alexa
www.lincoln.gov.uk,1,1095,1,0,614,0,alexa,alexa
www.culturevelo.com,1,365,1,0,167,0,alexa,alexa
pokeristby.ru,1,89,1,0,39,0,alexa,alexa
www.computerbase.de,1,425,1,0,203,0,alexa,alexa
www.kistler.com,1,456,1,0,147,0,alexa,alexa
md5decrypter.com,1,89,1,0,50,0,alexa,alexa
nimbl.com,1,737,1,1,15,0,alexa,alexa
cs.money,1,365,1,0,285,0,alexa,alexa
cremaspara.com,1,90,1,0,11,1,alexa,alexa
psiphonhealthyliving.com,1,90,1,0,7,0,alexa,alexa
www.cosmic-matters.com,1,89,1,0,42,0,alexa,alexa
www.destiny.gg,1,365,1,0,210,0,alexa,alexa
newevolutiondesigns.com,1,386,1,0,128,0,alexa,alexa
www.clashroyalecardmaker.com,1,365,1,0,259,0,alexa,alexa
www.tripadvisor.com,1,370,1,1,264,1,alexa,alexa
www.oneindia.com,1,532,1,0,28,1,alexa,alexa
24tv.ua,1,190,1,0,22,1,alexa,alexa
www.ibs.it,1,821,1,1,798,0,alexa,alexa
www.lifeleadership.com,1,396,1,0,326,1,alexa,alexa
www.senscritique.com,1,89,1,0,45,0,alexa,alexa
foryourimages.com,1,366,1,1,322,0,alexa,alexa
www.nissan.in,1,731,1,1,383,0,alexa,alexa
www.zhe800.com,1,228,1,0,14,1,alexa,alexa
niko-opt.com,1,366,1,1,292,0,alexa,alexa
www.cineiptv.com,1,89,1,0,29,0,alexa,alexa
www.odbskmb.cz,1,1095,1,0,267,0,alexa,alexa
rutube.ru,1,395,1,0,340,0,alexa,alexa
www.usw.edu,1,490,1,0,424,0,alexa,alexa
www.jaipurliving.com,1,396,1,0,260,0,alexa,alexa
www.cryptocompare.com,1,191,1,0,3,1,alexa,alexa
www.browserstack.com,1,1129,1,0,523,0,alexa,alexa
www.atlasobscura.com,1,191,1,0,4,1,alexa,alexa
aroma-good.com,1,90,1,0,7,0,alexa,alexa
www.cortilia.it,1,760,1,1,553,0,alexa,alexa
www.commarts.com,1,1362,1,0,1118,0,alexa,alexa
www.zhihu.com,1,456,1,0,173,0,alexa,alexa
apmhealth.com,1,365,1,0,45,0,alexa,alexa
lcdtvthailand.com,1,1096,1,0,95,0,alexa,alexa
www.gsx.com,1,365,1,0,45,0,alexa,alexa
leapfile.com,1,1097,1,0,655,0,alexa,alexa
www.yhd.com,1,420,1,0,139,1,alexa,alexa
beeline.uz,1,1098,1,0,784,0,alexa,alexa
www.buylandingpagedesign.com,1,365,1,0,136,0,alexa,alexa
www.english-subtitles.club,1,190,1,0,35,1,alexa,alexa
news.otofun.net,1,760,1,0,128,0,alexa,alexa
www.pmhotnews.com,1,190,1,0,19,1,alexa,alexa
host.doctorsbd.com,1,365,1,0,231,0,alexa,phish
www.ghanaweb.com,1,365,1,0,213,0,alexa,alexa
www.kinopoisk.ru,1,730,1,0,103,1,alexa,alexa
vvulkanstars.me,1,191,1,0,11,1,alexa,alexa
eksisozluk.com,1,1095,1,0,329,0,alexa,alexa
zonaescolar114primarias.blogspot.mx,1,83,1,0,11,1,alexa,alexa
newvisions.org,1,1104,1,0,412,0,alexa,alexa
clackamasfcu.org,1,755,1,1,320,0,alexa,alexa
www.ilcvperfetto.it,1,363,1,0,18,1,alexa,alexa
stats.ac-versailles.fr,1,1104,1,0,409,0,alexa,alexa
kpoplivepolska.wordpress.com,1,1133,1,0,806,0,alexa,alexa
www.hanbridgemandarin.com,1,89,1,0,46,0,alexa,alexa
muks.dk,1,90,1,0,5,0,alexa,alexa
www.financikatrade.com,1,76,1,0,32,1,alexa,alexa
secure.sprintbuyback.com,1,744,1,0,100,0,alexa,alexa
www.centauro.net,1,1122,1,0,501,0,alexa,alexa
www.diamondcertified.org,1,190,1,0,82,1,alexa,alexa
www.cnbc.com,1,456,1,0,188,0,alexa,alexa
qponn.net,1,90,1,0,13,0,alexa,phish
www.exito.com,1,366,1,1,76,0,alexa,alexa
www.computacenter.com,1,731,1,0,607,0,alexa,alexa
www.seamless.com,1,389,1,0,112,0,alexa,alexa
www.volkswagenbank.de,1,731,1,1,525,0,alexa,alexa
adminweb.aesoponline.com,1,1095,1,0,888,0,alexa,alexa
pay.pal.service-team-support.com,1,90,1,0,7,0,alexa,phish
www.jora.com,1,359,1,0,21,1,alexa,alexa
yts.ag,1,190,1,0,20,1,alexa,alexa
www.genbagames.com,1,424,1,0,406,0,alexa,alexa
www.alemat.cz,1,1095,1,0,511,0,alexa,alexa
www.alternativeapparel.com,1,1826,1,0,1285,0,alexa,alexa
www.mydevice.ir,1,89,1,0,40,0,alexa,alexa
coinatmradar.com,1,1095,1,0,581,0,alexa,alexa
www.swissinfo.ch,1,456,1,0,21,1,alexa,alexa
freedvdcover.com,1,191,1,0,7,1,alexa,alexa
financeadvicegroup.co.uk,1,365,1,0,35,0,alexa,alexa
www.peoplelooker.com,1,424,1,0,303,0,alexa,alexa
rong-chang.com,1,89,1,0,37,0,alexa,alexa
konami.com,1,425,1,0,354,0,alexa,alexa
www.iscouting.net,1,90,1,0,7,0,alexa,phish
www.jn-news.com,1,191,1,0,6,1,alexa,alexa
www.morritastube.com,1,191,1,0,11,1,alexa,alexa
help.xero.com,1,456,1,0,242,0,alexa,phish
www.vissla.com,1,380,1,1,127,0,alexa,alexa
www.halfpricedrapes.com,1,730,1,1,26,0,alexa,alexa
m.maxback.com,1,365,1,0,144,0,alexa,alexa
www.nnfc.re.kr,1,411,1,0,62,0,alexa,alexa
www.3suisses.fr,1,425,1,1,40,0,alexa,alexa
www.liebherr-electromenager.fr,1,1095,1,0,209,1,alexa,alexa
www.americamagazine.org,1,365,1,0,181,0,alexa,alexa
www.freefreshmovie.com,1,365,1,0,81,0,alexa,alexa
axxessinterfaces.com,1,1096,1,0,277,0,alexa,alexa
www.jdpay.com,1,366,1,0,142,1,alexa,alexa
www.w3cschool.cn,1,365,1,0,250,0,alexa,alexa
olpair.com,1,191,1,0,11,1,alexa,alexa
www.stepstone.at,1,456,1,0,10,1,alexa,alexa
bgmstore.net,1,365,1,0,36,0,alexa,alexa
login.accountcp.co.uk,1,395,1,0,295,0,alexa,alexa
www.quba.co.uk,1,365,1,0,346,0,alexa,alexa
www.mala.co.in,1,90,1,0,21,0,alexa,alexa
skimlinks.com,1,393,1,0,270,0,alexa,alexa
thebarchive.com,1,191,1,0,2,1,alexa,alexa
tryrailfree.com,1,244,1,1,146,1,alexa,alexa
www.solofamily.fr,1,365,1,0,111,0,alexa,alexa
xcoins.io,1,365,1,0,111,0,alexa,alexa
www.gettingyourliferight.com,1,90,1,0,11,0,alexa,phish
nzbplanet.net,1,190,1,0,59,1,alexa,alexa
www.tribloo.com,1,365,1,0,292,0,alexa,alexa
www.shinystat.com,1,425,1,0,174,0,alexa,alexa
www.jinnybeyer.com,1,395,1,0,389,0,alexa,alexa
www.squarespace.com,1,763,1,0,173,0,alexa,alexa
www.tajawal.sa,1,805,1,1,761,1,alexa,alexa
webcamsopatija.com,1,90,1,0,6,0,alexa,alexa
www.lizardfootwear.com,1,90,1,0,17,0,alexa,alexa
listick.ru,1,191,1,0,4,1,alexa,alexa
www.oplata.info,1,1094,1,0,292,0,alexa,alexa
biografi-tokoh-ternama.blogspot.co.id,1,83,1,0,12,1,alexa,alexa
southerncrosspersonnel.com,1,365,1,0,63,0,alexa,alexa
www.impress.co.jp,1,417,1,0,122,0,alexa,alexa
viaplay.no,1,396,1,0,195,1,alexa,alexa
womany.net,1,1095,1,0,1062,0,alexa,alexa
www.obi.pl,1,1104,1,0,409,0,alexa,alexa
www.newyorkcity.uk,1,379,1,0,319,0,alexa,alexa
yumeuranai-sindan.com,1,365,1,0,101,0,alexa,alexa
www.yourfirm.de,1,455,1,0,39,1,alexa,alexa
www.portalvs.sk,1,370,1,0,313,0,alexa,alexa
www.mensagenscomamor.com,1,190,1,0,90,1,alexa,alexa
www.consultacpfbrasil.com.br,1,190,1,0,33,1,alexa,alexa
www.linguee.de,1,736,1,0,154,0,alexa,alexa
www.belasmensagens.com.br,1,89,1,0,43,0,alexa,alexa
www.lenovo-shop.sk,1,90,1,0,15,0,alexa,phish
www.choc.org,1,1095,1,0,349,0,alexa,alexa
www.publicagent.com,1,852,1,0,21,0,alexa,alexa
www.whmcsthemes.com,1,393,1,1,322,0,alexa,alexa
tainies.online,1,191,1,0,6,1,alexa,alexa
www.musicbed.com,1,1095,1,0,791,0,alexa,alexa
www.schumann.com.br,1,89,1,0,67,0,alexa,alexa
www.teezily.com,1,89,1,0,31,0,alexa,alexa
sketchtalk.io,1,89,1,0,49,0,alexa,alexa
websiteseg1.com,1,365,1,0,66,0,alexa,phish
www.stretta-music.com,1,730,1,1,475,0,alexa,alexa
searchengineland.com,1,90,1,0,9,0,alexa,alexa
modalyst.co,1,729,1,0,549,0,alexa,alexa
www.dusansoucek.cz,1,89,1,0,33,0,alexa,alexa
www.staedion.nl,1,89,1,0,31,1,alexa,alexa
moneyversed.com,1,301,1,0,257,1,alexa,alexa
liveopencart.ru,1,89,1,0,38,0,alexa,alexa
www.pornglee.com,1,89,1,0,15,0,alexa,alexa
tiny4k.com,1,386,1,0,185,0,alexa,alexa
cdn.downdetector.com,1,190,1,0,25,1,alexa,alexa
speakersponsor.com,1,365,1,0,207,1,alexa,alexa
gracequotes.org,1,379,1,0,114,0,alexa,alexa
sennheiser.com.tr,1,395,1,0,86,0,alexa,alexa
www.radios.com.br,1,365,1,0,181,0,alexa,alexa
ainteres.ru,1,89,1,0,56,0,alexa,alexa
www.columbiabankonline.com,1,456,1,1,45,0,alexa,alexa
www.4shared.com,1,1096,1,0,138,0,alexa,alexa
www.realdealbet.com,1,1086,1,0,146,1,alexa,alexa
www.chessbomb.com,1,89,1,0,23,0,alexa,alexa
www.entea.fr,1,751,1,0,487,0,alexa,alexa
www.miramax.com,1,396,1,0,272,0,alexa,alexa
www.susukino-h.com,1,395,1,0,77,0,alexa,alexa
www.balieplus.nl,1,365,1,0,255,0,alexa,alexa
bananatag.com,1,1095,1,0,245,0,alexa,alexa
www.lvusd.org,1,395,1,0,230,1,alexa,alexa
www.trumethods.com,1,365,1,0,34,0,alexa,alexa
asmhentai.com,1,90,1,0,13,0,alexa,alexa
style.brandenburg.de,1,1106,1,0,56,0,alexa,alexa
www.winnersgoldenbet.com,1,1778,1,0,1307,0,alexa,alexa
www.atel.com.pl,1,395,1,0,151,0,alexa,alexa
www.homecredit.ru,1,1462,1,0,1064,0,alexa,alexa
www.u-tv.ru,1,365,1,0,291,0,alexa,alexa
hand2note.com,1,454,1,0,37,0,alexa,alexa
www.academia.edu,1,387,1,0,55,0,alexa,alexa
www.trictrac.net,1,89,1,0,49,1,alexa,alexa
www.fti.de,1,1165,1,0,542,0,alexa,alexa
www.greateranglia.co.uk,1,729,1,1,423,0,alexa,alexa
www.indiaproperty.com,1,395,1,0,161,1,alexa,alexa
upload.mn,1,191,1,0,9,1,alexa,alexa
www.catchy.com,1,1095,1,0,952,0,alexa,alexa
h-navi.jp,1,395,1,0,76,0,alexa,alexa
erasmusplusols.eu,1,365,1,0,85,0,alexa,alexa
www.ca-des-savoie.fr,1,366,1,1,292,0,alexa,alexa
heineken.world.tmall.com,1,354,1,0,19,1,alexa,alexa
www.atf.gov,1,456,1,0,253,0,alexa,alexa
www.greenparty.org.uk,1,191,1,0,6,1,alexa,alexa
sec-wiki.com,1,89,1,0,57,0,alexa,alexa
www.greatestphysiques.com,1,190,1,0,41,1,alexa,alexa
www.vitaminglobal.ru,1,89,1,0,53,0,alexa,alexa
chatra.io,1,190,1,0,62,1,alexa,alexa
www.surveyhero.com,1,395,1,0,14,0,alexa,alexa
www.tutorialspoint.com,1,365,1,0,277,0,alexa,alexa
civilread.com,1,90,1,0,8,0,alexa,alexa
fzmovies.net,1,191,1,0,7,1,alexa,alexa
www.cuisinart.com,1,1185,1,0,313,0,alexa,alexa
www.inmobiliariabancaria.com,1,366,1,1,310,0,alexa,alexa
www.vporn.com,1,1095,1,0,510,0,alexa,alexa
go-redrock.com,1,425,1,0,357,0,alexa,alexa
www.sciencechannelgo.com,1,346,1,0,14,1,alexa,alexa
www.ortconline.com,1,1122,1,0,942,0,alexa,alexa
www.panmacmillan.com,1,191,1,0,19,1,alexa,alexa
www.google.tn,1,83,1,0,11,1,alexa,alexa
mass2.com,1,365,1,0,81,0,alexa,alexa
universonl.wordpress.com,1,1133,1,0,806,0,alexa,alexa
cdn.europris.no,1,396,1,0,116,0,alexa,alexa
www.ytdestek.com,1,89,1,0,49,0,alexa,alexa
www.orcsmedia.com,1,368,1,0,105,0,alexa,alexa
strexm.tv,1,367,1,0,5,0,alexa,alexa
www.wesleyseminary.edu,1,395,1,0,340,0,alexa,alexa
download.id,1,191,1,0,3,1,alexa,alexa
www.avis.at,1,366,1,0,234,1,alexa,alexa
www.espacoblog.com,1,191,1,0,8,1,alexa,alexa
www.brainonline.com,1,367,1,0,307,1,alexa,alexa
www.pakwangali.in,1,230,1,0,3,1,alexa,alexa
www.lybstes.de,1,89,1,0,38,0,alexa,alexa
www.tentree.com,1,366,1,1,31,0,alexa,alexa
aruo.net,1,89,1,0,47,0,alexa,alexa
www.delta.com,1,366,1,0,187,0,alexa,alexa
www.gadgetline.co.il,1,365,1,0,97,0,alexa,alexa
ccluster.com,1,429,1,0,271,0,alexa,alexa
dralexrinehart.com,1,365,1,0,178,0,alexa,alexa
www.kurulumyap.com,1,89,1,0,47,0,alexa,alexa
backend.mcparking.de,1,90,1,0,11,0,alexa,alexa
www.winiarbrasil.com,1,90,1,0,10,0,alexa,phish
www.truquesdicas.com,1,89,1,0,21,0,alexa,alexa
www.google.fi,1,84,1,0,11,0,alexa,alexa
www.myevergreenonline.com,1,730,1,0,600,0,alexa,alexa
amexgopro3.sslblindado.com,1,425,1,0,355,0,alexa,phish
www.onefabergroup.com,1,90,1,0,10,0,alexa,alexa
www.zarfund.com,1,190,1,0,47,1,alexa,alexa
vujhelum.wordpress.com,1,1133,1,0,819,0,alexa,alexa
onextrapixel.com,1,1095,1,0,247,0,alexa,alexa
www.walmart.com,1,731,1,0,207,1,alexa,alexa
swoonreads.com,1,605,1,0,368,0,alexa,alexa
www.travisperkins.co.uk,1,730,1,1,362,0,alexa,alexa
www.coches.com,1,365,1,0,237,0,alexa,alexa
www.wanuncios.com,1,365,1,0,62,0,alexa,alexa
www.google.ba,1,84,1,0,11,0,alexa,alexa
uniikdesignsolutions.com,1,90,1,0,14,0,alexa,phish
ideaconsultora.com.ar,1,90,1,0,22,0,alexa,phish
www.teeatlantic.net,1,365,1,0,127,0,alexa,alexa
playgr8.com,1,1096,1,1,449,0,alexa,phish
www.transport.se,1,807,1,0,445,0,alexa,alexa
italo.com.br,1,191,1,0,4,1,alexa,alexa
kekanto.com.br,1,1099,1,0,824,0,alexa,alexa
www.workstar.com.au,1,365,1,0,34,0,alexa,alexa
www.newtek.com,1,1125,1,0,70,0,alexa,alexa
hako1local.jimdo.com,1,760,1,0,216,0,alexa,alexa
necs.com,1,456,1,0,118,0,alexa,alexa
www.infobae.com,1,90,1,0,9,1,alexa,alexa
www.bayfield.org,1,90,1,0,12,0,alexa,alexa
findstory.us,1,191,1,0,6,1,alexa,alexa
www.logistik-express.com,1,89,1,0,46,0,alexa,alexa
kasbokareshoma.com,1,90,1,0,3,0,alexa,alexa
www.tisseo.fr,1,821,1,1,643,0,alexa,alexa
galya.ru,1,365,1,0,250,0,alexa,alexa
www.gaydvdempire.com,1,1100,1,0,797,0,alexa,alexa
bezux.pl,1,190,1,0,31,1,alexa,alexa
electricsenseinterviews101.com,1,366,1,1,76,0,alexa,alexa
cookingbride.com,1,1096,1,0,88,0,alexa,alexa
foodnessgracious.com,1,191,1,0,19,1,alexa,alexa
www.brlogic.com,1,1095,1,0,374,0,alexa,alexa
www.myatlas.com,1,387,1,0,77,0,alexa,alexa
teksavvy.com,1,778,1,0,19,0,alexa,alexa
www.foliotek.com,1,1158,1,0,1020,0,alexa,alexa
sgqcvfjvr.onet.pl,1,426,1,0,300,0,alexa,alexa
www.southwesternrailway.com,1,730,1,0,115,0,alexa,alexa
www.sportradar.com,1,89,1,0,62,0,alexa,alexa
www.godtube.com,1,402,1,0,76,0,alexa,alexa
www.aprovaconcursos.com.br,1,396,1,0,180,0,alexa,alexa
byggtjanst.se,1,798,1,1,446,0,alexa,alexa
indamail.hu,1,390,1,0,165,0,alexa,alexa
apiaryfund.com,1,366,1,0,231,0,alexa,alexa
getsquire.com,1,191,1,0,7,1,alexa,alexa
yokotafss.com,1,1044,1,0,155,0,alexa,alexa
www.mp.cz,1,827,1,0,93,0,alexa,alexa
www.fostertechnologies.pl,1,365,1,0,79,0,alexa,alexa
www.music-bazaar.com,1,365,1,0,241,0,alexa,alexa
dakkapel-nederland.eu,1,90,1,0,10,0,alexa,phish
expandedramblings.com,1,90,1,0,5,0,alexa,alexa
www.mixmods.com.br,1,191,1,0,5,1,alexa,alexa
www.fastshop.com.br,1,156,1,0,42,1,alexa,alexa
web-komp.eu,1,90,1,0,6,0,alexa,alexa
wlu.ca,1,1187,1,0,905,0,alexa,alexa
greatminds.org,1,735,1,0,550,0,alexa,alexa
qasa.se,1,1103,1,0,166,0,alexa,alexa
extranet.e-kickoff.com,1,1095,1,0,137,0,alexa,alexa
www.touchofmodern.com,1,1148,1,0,1005,0,alexa,alexa
www.brainzilla.com,1,190,1,0,84,1,alexa,alexa
www.tractorhouse.com,1,398,1,0,100,0,alexa,alexa
www.studyread.com,1,148,1,0,22,0,alexa,alexa
www.laplanduk.co.uk,1,396,1,0,142,0,alexa,alexa
www.smsfinance.ru,1,395,1,0,126,0,alexa,alexa
x-spy.org,1,191,1,0,6,1,alexa,alexa
www.plymouthrock.com,1,1116,1,0,16,0,alexa,alexa
fonts2u.com,1,365,1,0,135,0,alexa,alexa
bitcoinira.com,1,268,1,0,74,0,alexa,alexa
lifehacker.com,1,398,1,0,255,1,alexa,alexa
kinosfera.net,1,90,1,0,20,0,alexa,alexa
misha.blog,1,90,1,0,14,0,alexa,alexa
secure5pp.com,1,90,1,0,0,1,alexa,phish
www.tomsguide.com,1,365,1,0,112,1,alexa,alexa
edhi.org,1,365,1,0,235,0,alexa,alexa
portal.cajasur.es,1,730,1,1,165,0,alexa,alexa
www.recht.nl,1,399,1,0,236,0,alexa,alexa
onlybass.com,1,89,1,0,40,0,alexa,alexa
www.rucni-naradi.cz,1,365,1,0,105,0,alexa,alexa
www.wheelsforwishes.org,1,190,1,0,48,1,alexa,alexa
www.dyrenesbeskyttelse.dk,1,89,1,0,29,0,alexa,alexa
assets.backpage.com,1,1045,1,0,162,0,alexa,alexa
www.aki.pt,1,1096,1,0,524,0,alexa,alexa
www.digikala.com,1,364,1,1,136,0,alexa,alexa
www.virginactive.com.sg,1,1152,1,0,638,0,alexa,alexa
www.bikester.dk,1,736,1,0,18,0,alexa,alexa
ibps.blog,1,90,1,0,12,0,alexa,alexa
pulaski.pl,1,365,1,0,306,0,alexa,alexa
checkngo.com,1,1120,1,0,577,0,alexa,alexa
www.zopim.com,1,788,1,0,761,0,alexa,alexa
www.login.hvacpartners.com,1,730,1,0,502,0,alexa,alexa
www.lesproteines.com,1,90,1,0,26,1,alexa,alexa
www.quora.com,1,305,1,0,2,0,alexa,alexa
www.kindai.ac.jp,1,761,1,0,580,0,alexa,alexa
www.whooshkaa.com,1,393,1,0,307,0,alexa,alexa
www.dienmayxanh.com,1,810,1,1,304,0,alexa,alexa
www.dealershipperformancecrm.com,1,89,1,0,27,0,alexa,alexa
www.kaotic.com,1,89,1,0,36,0,alexa,alexa
www.cercle-entreprises.net,1,89,1,0,18,1,alexa,alexa
www.superstreetbike.com,1,70,1,0,10,1,alexa,alexa
www.bmiresearch.com,1,396,1,0,340,0,alexa,alexa
www.gamo2.com,1,426,1,0,279,0,alexa,alexa
got7arabfans.wordpress.com,1,1133,1,0,806,0,alexa,alexa
www.baxbees.com,1,365,1,0,298,0,alexa,phish
federaltitle.com,1,90,1,0,20,0,alexa,alexa
www.conforama.es,1,1096,1,0,77,0,alexa,alexa
www.clashroyalepedia.com,1,395,1,0,214,0,alexa,alexa
www.classicrockforums.com,1,191,1,0,26,1,alexa,alexa
www.flashx.to,1,365,1,0,255,0,alexa,alexa
customer.gizaventurini.com,1,90,1,0,12,0,alexa,phish
bpm.zciok.blog,1,89,1,0,61,0,alexa,alexa
www.daypo.com,1,365,1,0,271,0,alexa,alexa
www.get.no,1,1125,1,0,546,0,alexa,alexa
numberrecords.com,1,191,1,0,9,1,alexa,alexa
safety-account.cf,1,90,1,0,6,0,alexa,phish
kyivenergo.ua,1,190,1,0,32,1,alexa,alexa
media.pryor.com,1,1096,1,0,718,1,alexa,alexa
qis.gov.bd,1,90,1,0,13,0,alexa,phish
www.bpl.on.ca,1,730,1,0,509,0,alexa,alexa
priv8spooks.com,1,90,1,0,21,0,alexa,phish
www.taringa.net,1,190,1,0,47,1,alexa,alexa
uae.souq.com,1,456,1,0,167,0,alexa,alexa
www.google.com.af,1,83,1,0,11,1,alexa,alexa
www.arenacamps.com,1,365,1,0,285,0,alexa,alexa
www.gearbubble.com,1,286,1,0,1,1,alexa,alexa
www.e-consulters.com.br,1,89,1,0,17,1,alexa,alexa
mindgames.blog,1,89,1,0,39,1,alexa,alexa
slickdeals.net,1,666,1,1,303,1,alexa,alexa
www.theverge.com,1,819,1,0,404,1,alexa,alexa
www.ielts.org,1,1096,1,0,657,0,alexa,alexa
www.picktorrent.com,1,365,1,0,116,0,alexa,alexa
www.smithclansl.com,1,90,1,0,11,0,alexa,phish
ceylonthewonderisle.com,1,90,1,0,14,0,alexa,phish
www.sabrinaobeo.eu,1,89,1,0,28,0,alexa,alexa
www.sthuberts.org,1,191,1,0,27,1,alexa,alexa
www.meteocentrum.cz,1,89,1,0,38,0,alexa,alexa
www.kameo.se,1,257,1,1,201,1,alexa,alexa
rephonda.cl,1,90,1,0,13,0,alexa,phish
freemining.com,1,89,1,0,16,1,alexa,alexa
www.amazon.in,1,401,1,0,44,1,alexa,alexa
www.diamondback.com,1,365,1,0,255,0,alexa,alexa
www.oliveboard.in,1,815,1,0,203,0,alexa,alexa
www.fishisfast.com,1,455,1,0,208,0,alexa,alexa
mybet.com,1,1095,1,0,497,0,alexa,alexa
staffdomain.wixsite.com,1,1095,1,0,380,0,alexa,phish
www.ull.es,1,89,1,0,55,0,alexa,alexa
spacebiff.com,1,90,1,0,19,1,alexa,alexa
medicinemanhearingremedy.com,1,191,1,0,10,1,alexa,alexa
www.xd.com,1,1095,1,0,273,0,alexa,alexa
global.jd.com,1,314,1,0,32,1,alexa,alexa
sarahcordiner.com,1,191,1,0,11,1,alexa,alexa
www.ojdinteractiva.es,1,302,1,0,130,0,alexa,alexa
www.qraved.com,1,744,1,0,68,0,alexa,alexa
www.portalinmobiliario.com,1,396,1,0,201,0,alexa,alexa
www.orange.eg,1,366,1,0,291,0,alexa,alexa
www.portraitoupaysage.com,1,365,1,0,245,0,alexa,alexa
coderoncode.com,1,395,1,0,245,1,alexa,alexa
fallaitpasfairedudroit.fr,1,90,1,0,18,0,alexa,alexa
www.google.ro,1,83,1,0,11,0,alexa,alexa
www.tubeoffline.com,1,191,1,0,3,1,alexa,alexa
www.nopremium.pl,1,1125,1,0,179,0,alexa,alexa
www.inwhatlanguage.com,1,379,1,0,84,0,alexa,alexa
static6.spartoo.gr,1,789,1,0,301,0,alexa,alexa
www.dfrobot.com,1,1098,1,0,97,0,alexa,alexa
rewitter.com,1,191,1,0,7,1,alexa,alexa
ifonlyidknownthat.wordpress.com,1,1133,1,0,806,0,alexa,alexa
www.naviextras.com,1,1108,1,0,67,0,alexa,alexa
www.yazio.com,1,191,1,0,10,1,alexa,alexa
syndication.bleacherreport.com,1,1196,1,0,1042,0,alexa,alexa
cos.io,1,421,1,0,29,0,alexa,alexa
www.ca-normandie.fr,1,366,1,1,307,0,alexa,alexa
www.eirsport.ie,1,730,1,0,526,0,alexa,alexa
www.blsk.de,1,774,1,1,33,0,alexa,alexa
www.1000steine.de,1,379,1,1,169,0,alexa,alexa
www.medelita.com,1,730,1,1,638,0,alexa,alexa
www.quelle.ru,1,365,1,0,105,0,alexa,alexa
www.cronica.com.ar,1,396,1,0,89,0,alexa,alexa
www.putasxxx.com.ar,1,191,1,0,12,1,alexa,alexa
marvelousga.com,1,190,1,0,55,1,alexa,alexa
www.vegascrestcasino.ag,1,406,1,0,291,0,alexa,alexa
btcforclicks.io,1,191,1,0,14,1,alexa,alexa
www.horizonhobby.com,1,1095,1,0,604,1,alexa,alexa
www.summer-breeze.de,1,90,1,0,11,0,alexa,alexa
www.vibe.com,1,190,1,0,26,1,alexa,alexa
superuser.com,1,1180,1,0,548,1,alexa,alexa
www.vitapack.org,1,365,1,0,145,0,alexa,alexa
www.userreport.com,1,1097,1,0,672,0,alexa,alexa
www.uptodown.com,1,456,1,0,180,1,alexa,alexa
www.internationaltrucks.com,1,365,1,0,119,0,alexa,alexa
www.pobschools.org,1,395,1,0,173,1,alexa,alexa
9785newplugin.jimdo.com,1,760,1,0,221,0,alexa,phish
blsspainvisa.com,1,129,1,0,103,0,alexa,alexa
jpgazeta.ru,1,89,1,0,37,0,alexa,alexa
www.dlapolski.pl,1,90,1,0,3,0,alexa,alexa
chilkatsoft.com,1,425,1,0,263,1,alexa,alexa
www.6pm.com,1,251,1,1,60,0,alexa,alexa
www.sorotec.de,1,1096,1,0,861,0,alexa,alexa
leerdccomicsonline.blogspot.com,1,84,1,0,12,1,alexa,alexa
www.chocolissimo.de,1,762,1,1,482,0,alexa,alexa
coincheckup.com,1,190,1,0,35,1,alexa,alexa
indx.ru,1,1095,1,0,221,0,alexa,alexa
www.plethora.com,1,1159,1,0,431,0,alexa,alexa
fleshlightcams.com,1,89,1,0,42,0,alexa,alexa
www.ruedeverneuil.com,1,89,1,0,68,0,alexa,alexa
www.harmankardon.com,1,365,1,0,14,1,alexa,alexa
magrudy.com,1,791,1,1,312,1,alexa,alexa
amazingclassroom.com,1,1099,1,0,972,0,alexa,alexa
mednet.ir,1,89,1,0,34,1,alexa,alexa
www.skvis.no,1,89,1,0,46,1,alexa,alexa
bartermyfunds.com,1,393,1,0,273,1,alexa,alexa
swim.de,1,89,1,0,61,0,alexa,alexa
www.computerfrage.net,1,1155,1,0,465,0,alexa,alexa
www.stylesha.re,1,456,1,0,224,1,alexa,alexa
c0acu135.caspio.com,1,396,1,0,257,0,alexa,phish
solutionexist.com,1,190,1,0,17,1,alexa,alexa
www.newzealand.com,1,365,1,0,189,1,alexa,alexa
www.shutterstock.com,1,717,1,1,167,0,alexa,alexa
kizentraining.com,1,191,1,0,26,1,alexa,alexa
noovo.ca,1,365,1,0,67,0,alexa,alexa
personaleportal.wixsite.com,1,1095,1,0,379,0,alexa,phish
austin.com,1,191,1,0,8,1,alexa,alexa
www.naaptol.com,1,395,1,0,181,0,alexa,alexa
varikoznic.ru,1,365,1,0,235,0,alexa,alexa
www.himsa.com,1,1112,1,0,949,0,alexa,alexa
noviseriali.com,1,191,1,0,4,1,alexa,alexa
mandarinrestaurant.com,1,1095,1,0,404,0,alexa,alexa
www.kiaplaw.ru,1,90,1,0,6,0,alexa,alexa
www.honeybearlane.com,1,89,1,0,61,0,alexa,alexa
askubuntu.com,1,1180,1,0,548,1,alexa,alexa
bananagirl.world.tmall.com,1,354,1,0,5,1,alexa,alexa
www.rvcj.com,1,190,1,0,84,1,alexa,alexa
www.vivense.com,1,365,1,0,250,0,alexa,alexa
www.diviframework.com,1,89,1,0,34,1,alexa,alexa
www.google.it,1,83,1,0,11,1,alexa,alexa
crownbet.com.au,1,797,1,1,270,1,alexa,alexa
realstudy.ru,1,425,1,0,234,0,alexa,alexa
www.amatic.com,1,1105,1,0,460,0,alexa,alexa
www.yahoo.com,1,180,1,0,61,1,alexa,alexa
www.natureword.com,1,483,1,0,102,0,alexa,alexa
www.quintoandar.com.br,1,395,1,0,165,0,alexa,alexa
secure.worldpay.com,1,731,1,0,190,0,alexa,phish
www.thurrott.com,1,190,1,0,119,1,alexa,alexa
www.abafazi.org,1,90,1,0,0,1,alexa,phish
miraie-net.com,1,395,1,0,246,0,alexa,alexa
playbombs.com,1,1096,1,1,449,0,alexa,phish
devs-lab.com,1,190,1,0,24,1,alexa,alexa
www.vintagetravel.co.uk,1,365,1,1,294,0,alexa,alexa
artbyjanis.com,1,90,1,0,7,1,alexa,phish
howtoraspberrypi.com,1,89,1,0,56,0,alexa,alexa
www.vusevapor.com,1,1138,1,0,180,1,alexa,alexa
www.zones.sk,1,365,1,0,307,0,alexa,alexa
www.avantrip.com,1,425,1,0,145,0,alexa,alexa
www.ampproject.org,1,89,1,0,31,1,alexa,alexa
www.strikebowling.com.au,1,191,1,0,11,1,alexa,alexa
www.larisanew.gr,1,191,1,0,10,1,alexa,alexa
swinginthinkin.com,1,89,1,0,34,0,alexa,alexa
cakes.mu,1,442,1,1,388,0,alexa,alexa
www.google.com.br,1,83,1,0,18,1,alexa,alexa
www.mundoapk.org,1,191,1,0,12,1,alexa,alexa
teachbanzai.com,1,425,1,0,25,0,alexa,alexa
nyaa.si,1,191,1,0,4,1,alexa,alexa
www.cardshare.cc,1,1155,1,0,554,0,alexa,alexa
vidiq.com,1,393,1,0,269,0,alexa,alexa
rasakimuritala.com,1,90,1,0,21,0,alexa,phish
www.allpondsolutions.co.uk,1,191,1,0,25,1,alexa,alexa
www.prima-inform.ru,1,90,1,0,11,0,alexa,alexa
buenanetwork.com,1,190,1,0,39,1,alexa,alexa
www.tipico.at,1,365,1,0,284,1,alexa,alexa
relatos-web.com,1,89,1,0,44,0,alexa,alexa
www.voc.com.cn,1,365,1,0,148,0,alexa,alexa
binodondhara.com,1,90,1,0,20,0,alexa,phish
www.happyfacts.me,1,90,1,0,12,0,alexa,alexa
falandoverdades.com.br,1,190,1,0,75,1,alexa,alexa
www.plasticadosonho.com.br,1,366,1,1,280,0,alexa,alexa
healthskillet.com,1,190,1,0,96,1,alexa,alexa
daeshaoopa1.com,1,365,1,0,19,0,alexa,phish
www.epunkt.com,1,1184,1,0,146,0,alexa,alexa
ikea-club.com.ua,1,190,1,0,16,1,alexa,alexa
www.rottentomatoes.com,1,730,1,0,202,0,alexa,alexa
www.voipinfocenter.com,1,1188,1,0,1084,0,alexa,alexa
www.banggood.com,1,365,1,0,284,0,alexa,alexa
www.workloadassist.net,1,425,1,0,329,0,alexa,alexa
www.ruralinfo.net,1,89,1,0,48,0,alexa,alexa
www.yuppiegadgets.com,1,814,1,1,256,0,alexa,alexa
www.conscience-et-eveil-spirituel.com,1,365,1,0,105,0,alexa,alexa
ahjoo.com,1,89,1,0,43,0,alexa,alexa
www.ssllabs.com,1,1185,1,0,1001,0,alexa,alexa
www.stop.gr,1,790,1,1,413,0,alexa,alexa
www.recurso-adventista.com,1,191,1,0,10,1,alexa,alexa
www.pfanner-shop.com,1,365,1,0,352,0,alexa,alexa
infra20th.wordpress.com,1,1133,1,0,806,0,alexa,alexa
legalnewsline.com,1,365,1,0,39,0,alexa,alexa
www.ask.com,1,456,1,0,55,1,alexa,alexa
www.earthcam.com,1,190,1,0,62,1,alexa,alexa
www.kony.com,1,396,1,0,56,0,alexa,alexa
www.jove.com,1,730,1,0,129,0,alexa,alexa
www.sdb.k12.wi.us,1,393,1,0,285,1,alexa,alexa
